timestamp,lat,lon,speed_mps,heading
2026-07-04T12:00:00Z,35.7100000,-0.6300000,0.000,45.0
2026-07-04T12:00:01Z,35.7100012,-0.6299986,0.367,45.0
2026-07-04T12:00:02Z,35.7100047,-0.6299943,0.733,45.0
2026-07-04T12:00:03Z,35.7100105,-0.6299871,1.100,45.0
2026-07-04T12:00:04Z,35.7100186,-0.6299771,1.467,45.0
2026-07-04T12:00:05Z,35.7100291,-0.6299641,1.833,45.0
2026-07-04T12:00:06Z,35.7100419,-0.6299484,2.200,45.0
2026-07-04T12:00:07Z,35.7100571,-0.6299297,2.567,45.0
2026-07-04T12:00:08Z,35.7100745,-0.6299082,2.933,45.0
2026-07-04T12:00:09Z,35.7100943,-0.6298838,3.300,45.0
2026-07-04T12:00:10Z,35.7101165,-0.6298566,3.667,45.0
2026-07-04T12:00:11Z,35.7101409,-0.6298265,4.033,45.0
2026-07-04T12:00:12Z,35.7101677,-0.6297935,4.400,45.0
2026-07-04T12:00:13Z,35.7101968,-0.6297576,4.767,45.0
2026-07-04T12:00:14Z,35.7102282,-0.6297189,5.133,45.0
2026-07-04T12:00:15Z,35.7102620,-0.6296773,5.500,45.0
2026-07-04T12:00:16Z,35.7102981,-0.6296328,5.867,45.0
2026-07-04T12:00:17Z,35.7103366,-0.6295855,6.233,45.0
2026-07-04T12:00:18Z,35.7103773,-0.6295353,6.600,45.0
2026-07-04T12:00:19Z,35.7104204,-0.6294823,6.967,45.0
2026-07-04T12:00:20Z,35.7104658,-0.6294263,7.333,45.0
2026-07-04T12:00:21Z,35.7105136,-0.6293675,7.700,45.0
2026-07-04T12:00:22Z,35.7105636,-0.6293058,8.067,45.0
2026-07-04T12:00:23Z,35.7106160,-0.6292413,8.433,45.0
2026-07-04T12:00:24Z,35.7106708,-0.6291739,8.800,45.0
2026-07-04T12:00:25Z,35.7107278,-0.6291036,9.167,45.0
2026-07-04T12:00:26Z,35.7107872,-0.6290305,9.533,45.0
2026-07-04T12:00:27Z,35.7108489,-0.6289545,9.900,45.0
2026-07-04T12:00:28Z,35.7109130,-0.6288756,10.267,45.0
2026-07-04T12:00:29Z,35.7109794,-0.6287938,10.633,45.0
2026-07-04T12:00:30Z,35.7110481,-0.6287092,11.000,45.0
2026-07-04T12:00:31Z,35.7111191,-0.6286217,11.367,45.0
2026-07-04T12:00:32Z,35.7111925,-0.6285314,11.733,45.0
2026-07-04T12:00:33Z,35.7112682,-0.6284381,12.100,45.0
2026-07-04T12:00:34Z,35.7113462,-0.6283420,12.467,45.0
2026-07-04T12:00:35Z,35.7114266,-0.6282431,12.833,45.0
2026-07-04T12:00:36Z,35.7115092,-0.6281413,13.200,45.0
2026-07-04T12:00:37Z,35.7115943,-0.6280366,13.567,45.0
2026-07-04T12:00:38Z,35.7116816,-0.6279290,13.933,45.0
2026-07-04T12:00:39Z,35.7117713,-0.6278185,14.300,45.0
2026-07-04T12:00:40Z,35.7118633,-0.6277052,14.667,45.0
2026-07-04T12:00:41Z,35.7119576,-0.6275891,15.033,45.0
2026-07-04T12:00:42Z,35.7120542,-0.6274700,15.400,45.0
2026-07-04T12:00:43Z,35.7121532,-0.6273481,15.767,45.0
2026-07-04T12:00:44Z,35.7122545,-0.6272233,16.133,45.0
2026-07-04T12:00:45Z,35.7123582,-0.6270957,16.500,45.0
2026-07-04T12:00:46Z,35.7124642,-0.6269652,16.867,45.0
2026-07-04T12:00:47Z,35.7125725,-0.6268318,17.233,45.0
2026-07-04T12:00:48Z,35.7126831,-0.6266955,17.600,45.0
2026-07-04T12:00:49Z,35.7127961,-0.6265564,17.967,45.0
2026-07-04T12:00:50Z,35.7129113,-0.6264144,18.333,45.0
2026-07-04T12:00:51Z,35.7130290,-0.6262695,18.700,45.0
2026-07-04T12:00:52Z,35.7131489,-0.6261218,19.067,45.0
2026-07-04T12:00:53Z,35.7132712,-0.6259712,19.433,45.0
2026-07-04T12:00:54Z,35.7133958,-0.6258177,19.800,45.0
2026-07-04T12:00:55Z,35.7135227,-0.6256614,20.167,45.0
2026-07-04T12:00:56Z,35.7136520,-0.6255022,20.533,45.0
2026-07-04T12:00:57Z,35.7137836,-0.6253401,20.900,45.0
2026-07-04T12:00:58Z,35.7139175,-0.6251751,21.267,45.0
2026-07-04T12:00:59Z,35.7140538,-0.6250073,21.633,45.0
2026-07-04T12:01:00Z,35.7141923,-0.6248366,22.000,45.0
2026-07-04T12:01:01Z,35.7143321,-0.6246645,22.000,45.0
2026-07-04T12:01:02Z,35.7144718,-0.6244924,22.000,45.0
2026-07-04T12:01:03Z,35.7146116,-0.6243203,22.000,45.0
2026-07-04T12:01:04Z,35.7147513,-0.6241482,22.000,45.0
2026-07-04T12:01:05Z,35.7148911,-0.6239760,22.000,45.0
2026-07-04T12:01:06Z,35.7150308,-0.6238039,22.000,45.0
2026-07-04T12:01:07Z,35.7151705,-0.6236318,22.000,45.0
2026-07-04T12:01:08Z,35.7153103,-0.6234597,22.000,45.0
2026-07-04T12:01:09Z,35.7154500,-0.6232875,22.000,45.0
2026-07-04T12:01:10Z,35.7155898,-0.6231154,22.000,45.0
2026-07-04T12:01:11Z,35.7157295,-0.6229433,22.000,45.0
2026-07-04T12:01:12Z,35.7158693,-0.6227711,22.000,45.0
2026-07-04T12:01:13Z,35.7160090,-0.6225990,22.000,45.0
2026-07-04T12:01:14Z,35.7161488,-0.6224269,22.000,45.0
2026-07-04T12:01:15Z,35.7162885,-0.6222548,22.000,45.0
2026-07-04T12:01:16Z,35.7164282,-0.6220826,22.000,45.0
2026-07-04T12:01:17Z,35.7165680,-0.6219105,22.000,45.0
2026-07-04T12:01:18Z,35.7167077,-0.6217384,22.000,45.0
2026-07-04T12:01:19Z,35.7168475,-0.6215662,22.000,45.0
2026-07-04T12:01:20Z,35.7169872,-0.6213941,22.000,45.0
2026-07-04T12:01:21Z,35.7171270,-0.6212220,22.000,45.0
2026-07-04T12:01:22Z,35.7172667,-0.6210498,22.000,45.0
2026-07-04T12:01:23Z,35.7174065,-0.6208777,22.000,45.0
2026-07-04T12:01:24Z,35.7175462,-0.6207056,22.000,45.0
2026-07-04T12:01:25Z,35.7176859,-0.6205334,22.000,45.0
2026-07-04T12:01:26Z,35.7178257,-0.6203613,22.000,45.0
2026-07-04T12:01:27Z,35.7179654,-0.6201892,22.000,45.0
2026-07-04T12:01:28Z,35.7181052,-0.6200170,22.000,45.0
2026-07-04T12:01:29Z,35.7182449,-0.6198449,22.000,45.0
2026-07-04T12:01:30Z,35.7183847,-0.6196727,22.000,45.0
2026-07-04T12:01:31Z,35.7185244,-0.6195006,22.000,45.0
2026-07-04T12:01:32Z,35.7186642,-0.6193285,22.000,45.0
2026-07-04T12:01:33Z,35.7188039,-0.6191563,22.000,45.0
2026-07-04T12:01:34Z,35.7189436,-0.6189842,22.000,45.0
2026-07-04T12:01:35Z,35.7190834,-0.6188120,22.000,45.0
2026-07-04T12:01:36Z,35.7192231,-0.6186399,22.000,45.0
2026-07-04T12:01:37Z,35.7193629,-0.6184677,22.000,45.0
2026-07-04T12:01:38Z,35.7195026,-0.6182956,22.000,45.0
2026-07-04T12:01:39Z,35.7196424,-0.6181235,22.000,45.0
2026-07-04T12:01:40Z,35.7197821,-0.6179513,22.000,45.0
2026-07-04T12:01:41Z,35.7199219,-0.6177792,22.000,45.0
2026-07-04T12:01:42Z,35.7200616,-0.6176070,22.000,45.0
2026-07-04T12:01:43Z,35.7202013,-0.6174349,22.000,45.0
2026-07-04T12:01:44Z,35.7203411,-0.6172627,22.000,45.0
2026-07-04T12:01:45Z,35.7204808,-0.6170906,22.000,45.0
2026-07-04T12:01:46Z,35.7206206,-0.6169184,22.000,45.0
2026-07-04T12:01:47Z,35.7207603,-0.6167463,22.000,45.0
2026-07-04T12:01:48Z,35.7209001,-0.6165741,22.000,45.0
2026-07-04T12:01:49Z,35.7210398,-0.6164020,22.000,45.0
2026-07-04T12:01:50Z,35.7211796,-0.6162298,22.000,45.0
2026-07-04T12:01:51Z,35.7213193,-0.6160577,22.000,45.0
2026-07-04T12:01:52Z,35.7214590,-0.6158855,22.000,45.0
2026-07-04T12:01:53Z,35.7215988,-0.6157134,22.000,45.0
2026-07-04T12:01:54Z,35.7217385,-0.6155412,22.000,45.0
2026-07-04T12:01:55Z,35.7218783,-0.6153691,22.000,45.0
2026-07-04T12:01:56Z,35.7220180,-0.6151969,22.000,45.0
2026-07-04T12:01:57Z,35.7221578,-0.6150248,22.000,45.0
2026-07-04T12:01:58Z,35.7222975,-0.6148526,22.000,45.0
2026-07-04T12:01:59Z,35.7224373,-0.6146804,22.000,45.0
2026-07-04T12:02:00Z,35.7225770,-0.6145083,22.000,45.0
2026-07-04T12:02:01Z,35.7227167,-0.6143361,22.000,45.0
2026-07-04T12:02:02Z,35.7228565,-0.6141640,22.000,45.0
2026-07-04T12:02:03Z,35.7229962,-0.6139918,22.000,45.0
2026-07-04T12:02:04Z,35.7231360,-0.6138197,22.000,45.0
2026-07-04T12:02:05Z,35.7232757,-0.6136475,22.000,45.0
2026-07-04T12:02:06Z,35.7234155,-0.6134753,22.000,45.0
2026-07-04T12:02:07Z,35.7235552,-0.6133032,22.000,45.0
2026-07-04T12:02:08Z,35.7236950,-0.6131310,22.000,45.0
2026-07-04T12:02:09Z,35.7238347,-0.6129589,22.000,45.0
2026-07-04T12:02:10Z,35.7239744,-0.6127867,22.000,45.0
2026-07-04T12:02:11Z,35.7241142,-0.6126145,22.000,45.0
2026-07-04T12:02:12Z,35.7242539,-0.6124424,22.000,45.0
2026-07-04T12:02:13Z,35.7243937,-0.6122702,22.000,45.0
2026-07-04T12:02:14Z,35.7245334,-0.6120980,22.000,45.0
2026-07-04T12:02:15Z,35.7246732,-0.6119259,22.000,45.0
2026-07-04T12:02:16Z,35.7248129,-0.6117537,22.000,45.0
2026-07-04T12:02:17Z,35.7249527,-0.6115815,22.000,45.0
2026-07-04T12:02:18Z,35.7250924,-0.6114094,22.000,45.0
2026-07-04T12:02:19Z,35.7252321,-0.6112372,22.000,45.0
2026-07-04T12:02:20Z,35.7253719,-0.6110650,22.000,45.0
2026-07-04T12:02:21Z,35.7255116,-0.6108929,22.000,45.0
2026-07-04T12:02:22Z,35.7256514,-0.6107207,22.000,45.0
2026-07-04T12:02:23Z,35.7257911,-0.6105485,22.000,45.0
2026-07-04T12:02:24Z,35.7259309,-0.6103763,22.000,45.0
2026-07-04T12:02:25Z,35.7260706,-0.6102042,22.000,45.0
2026-07-04T12:02:26Z,35.7262104,-0.6100320,22.000,45.0
2026-07-04T12:02:27Z,35.7263501,-0.6098598,22.000,45.0
2026-07-04T12:02:28Z,35.7264898,-0.6096877,22.000,45.0
2026-07-04T12:02:29Z,35.7266296,-0.6095155,22.000,45.0
2026-07-04T12:02:30Z,35.7267693,-0.6093433,22.000,45.0
2026-07-04T12:02:31Z,35.7269091,-0.6091711,22.000,45.0
2026-07-04T12:02:32Z,35.7270488,-0.6089989,22.000,45.0
2026-07-04T12:02:33Z,35.7271886,-0.6088268,22.000,45.0
2026-07-04T12:02:34Z,35.7273283,-0.6086546,22.000,45.0
2026-07-04T12:02:35Z,35.7274681,-0.6084824,22.000,45.0
2026-07-04T12:02:36Z,35.7276078,-0.6083102,22.000,45.0
2026-07-04T12:02:37Z,35.7277475,-0.6081381,22.000,45.0
2026-07-04T12:02:38Z,35.7278873,-0.6079659,22.000,45.0
2026-07-04T12:02:39Z,35.7280270,-0.6077937,22.000,45.0
2026-07-04T12:02:40Z,35.7281668,-0.6076215,22.000,45.0
2026-07-04T12:02:41Z,35.7283065,-0.6074493,22.000,45.0
2026-07-04T12:02:42Z,35.7284463,-0.6072772,22.000,45.0
2026-07-04T12:02:43Z,35.7285860,-0.6071050,22.000,45.0
2026-07-04T12:02:44Z,35.7287258,-0.6069328,22.000,45.0
2026-07-04T12:02:45Z,35.7288655,-0.6067606,22.000,45.0
2026-07-04T12:02:46Z,35.7290052,-0.6065884,22.000,45.0
2026-07-04T12:02:47Z,35.7291450,-0.6064162,22.000,45.0
2026-07-04T12:02:48Z,35.7292847,-0.6062440,22.000,45.0
2026-07-04T12:02:49Z,35.7294245,-0.6060719,22.000,45.0
2026-07-04T12:02:50Z,35.7295642,-0.6058997,22.000,45.0
2026-07-04T12:02:51Z,35.7297040,-0.6057275,22.000,45.0
2026-07-04T12:02:52Z,35.7298437,-0.6055553,22.000,45.0
2026-07-04T12:02:53Z,35.7299835,-0.6053831,22.000,45.0
2026-07-04T12:02:54Z,35.7301232,-0.6052109,22.000,45.0
2026-07-04T12:02:55Z,35.7302629,-0.6050387,22.000,45.0
2026-07-04T12:02:56Z,35.7304027,-0.6048665,22.000,45.0
2026-07-04T12:02:57Z,35.7305424,-0.6046943,22.000,45.0
2026-07-04T12:02:58Z,35.7306822,-0.6045222,22.000,45.0
2026-07-04T12:02:59Z,35.7308219,-0.6043500,22.000,45.0
2026-07-04T12:03:00Z,35.7309617,-0.6041778,22.000,45.0
2026-07-04T12:03:01Z,35.7311049,-0.6040013,23.100,45.0
2026-07-04T12:03:02Z,35.7312551,-0.6038162,24.200,45.0
2026-07-04T12:03:03Z,35.7314123,-0.6036224,25.300,45.0
2026-07-04T12:03:04Z,35.7315765,-0.6034201,26.400,45.0
2026-07-04T12:03:05Z,35.7317477,-0.6032092,27.500,45.0
2026-07-04T12:03:06Z,35.7319259,-0.6029896,28.600,45.0
2026-07-04T12:03:07Z,35.7321111,-0.6027615,29.700,45.0
2026-07-04T12:03:08Z,35.7323032,-0.6025247,30.800,45.0
2026-07-04T12:03:09Z,35.7325023,-0.6022793,31.900,45.0
2026-07-04T12:03:10Z,35.7327085,-0.6020253,33.000,45.0
2026-07-04T12:03:11Z,35.7329181,-0.6017670,33.000,45.0
2026-07-04T12:03:12Z,35.7331277,-0.6015087,33.000,45.0
2026-07-04T12:03:13Z,35.7333373,-0.6012504,33.000,45.0
2026-07-04T12:03:14Z,35.7335469,-0.6009921,33.000,45.0
2026-07-04T12:03:15Z,35.7337566,-0.6007338,33.000,45.0
2026-07-04T12:03:16Z,35.7339662,-0.6004755,33.000,45.0
2026-07-04T12:03:17Z,35.7341758,-0.6002172,33.000,45.0
2026-07-04T12:03:18Z,35.7343854,-0.5999588,33.000,45.0
2026-07-04T12:03:19Z,35.7345950,-0.5997005,33.000,45.0
2026-07-04T12:03:20Z,35.7348046,-0.5994422,33.000,45.0
2026-07-04T12:03:21Z,35.7350143,-0.5991839,33.000,45.0
2026-07-04T12:03:22Z,35.7352239,-0.5989256,33.000,45.0
2026-07-04T12:03:23Z,35.7354335,-0.5986673,33.000,45.0
2026-07-04T12:03:24Z,35.7356431,-0.5984089,33.000,45.0
2026-07-04T12:03:25Z,35.7358527,-0.5981506,33.000,45.0
2026-07-04T12:03:26Z,35.7360623,-0.5978923,33.000,45.0
2026-07-04T12:03:27Z,35.7362720,-0.5976340,33.000,45.0
2026-07-04T12:03:28Z,35.7364816,-0.5973757,33.000,45.0
2026-07-04T12:03:29Z,35.7366912,-0.5971173,33.000,45.0
2026-07-04T12:03:30Z,35.7369008,-0.5968590,33.000,45.0
2026-07-04T12:03:31Z,35.7371104,-0.5966007,33.000,45.0
2026-07-04T12:03:32Z,35.7373200,-0.5963423,33.000,45.0
2026-07-04T12:03:33Z,35.7375297,-0.5960840,33.000,45.0
2026-07-04T12:03:34Z,35.7377393,-0.5958257,33.000,45.0
2026-07-04T12:03:35Z,35.7379489,-0.5955673,33.000,45.0
2026-07-04T12:03:36Z,35.7381550,-0.5953133,31.900,45.0
2026-07-04T12:03:37Z,35.7383541,-0.5950679,30.800,45.0
2026-07-04T12:03:38Z,35.7385463,-0.5948311,29.700,45.0
2026-07-04T12:03:39Z,35.7387315,-0.5946029,28.600,45.0
2026-07-04T12:03:40Z,35.7389096,-0.5943833,27.500,45.0
2026-07-04T12:03:41Z,35.7390808,-0.5941723,26.400,45.0
2026-07-04T12:03:42Z,35.7392450,-0.5939699,25.300,45.0
2026-07-04T12:03:43Z,35.7394022,-0.5937762,24.200,45.0
2026-07-04T12:03:44Z,35.7395525,-0.5935910,23.100,45.0
2026-07-04T12:03:45Z,35.7396957,-0.5934145,22.000,45.0
2026-07-04T12:03:46Z,35.7398354,-0.5932423,22.000,45.0
2026-07-04T12:03:47Z,35.7399752,-0.5930700,22.000,45.0
2026-07-04T12:03:48Z,35.7401149,-0.5928978,22.000,45.0
2026-07-04T12:03:49Z,35.7402547,-0.5927256,22.000,45.0
2026-07-04T12:03:50Z,35.7403944,-0.5925533,22.000,45.0
2026-07-04T12:03:51Z,35.7405342,-0.5923811,22.000,45.0
2026-07-04T12:03:52Z,35.7406739,-0.5922089,22.000,45.0
2026-07-04T12:03:53Z,35.7408136,-0.5920366,22.000,45.0
2026-07-04T12:03:54Z,35.7409534,-0.5918644,22.000,45.0
2026-07-04T12:03:55Z,35.7410931,-0.5916921,22.000,45.0
2026-07-04T12:03:56Z,35.7412329,-0.5915199,22.000,45.0
2026-07-04T12:03:57Z,35.7413726,-0.5913477,22.000,45.0
2026-07-04T12:03:58Z,35.7415124,-0.5911754,22.000,45.0
2026-07-04T12:03:59Z,35.7416521,-0.5910032,22.000,45.0
2026-07-04T12:04:00Z,35.7417919,-0.5908310,22.000,45.0
2026-07-04T12:04:01Z,35.7419316,-0.5906587,22.000,45.0
2026-07-04T12:04:02Z,35.7420713,-0.5904865,22.000,45.0
2026-07-04T12:04:03Z,35.7422111,-0.5903142,22.000,45.0
2026-07-04T12:04:04Z,35.7423508,-0.5901420,22.000,45.0
2026-07-04T12:04:05Z,35.7424906,-0.5899697,22.000,45.0
2026-07-04T12:04:06Z,35.7426303,-0.5897975,22.000,45.0
2026-07-04T12:04:07Z,35.7427701,-0.5896253,22.000,45.0
2026-07-04T12:04:08Z,35.7429098,-0.5894530,22.000,45.0
2026-07-04T12:04:09Z,35.7430496,-0.5892808,22.000,45.0
2026-07-04T12:04:10Z,35.7431893,-0.5891085,22.000,45.0
2026-07-04T12:04:11Z,35.7433290,-0.5889363,22.000,45.0
2026-07-04T12:04:12Z,35.7434688,-0.5887640,22.000,45.0
2026-07-04T12:04:13Z,35.7436085,-0.5885918,22.000,45.0
2026-07-04T12:04:14Z,35.7437483,-0.5884195,22.000,45.0
2026-07-04T12:04:15Z,35.7438880,-0.5882473,22.000,45.0
2026-07-04T12:04:16Z,35.7440278,-0.5880750,22.000,45.0
2026-07-04T12:04:17Z,35.7441675,-0.5879028,22.000,45.0
2026-07-04T12:04:18Z,35.7443073,-0.5877305,22.000,45.0
2026-07-04T12:04:19Z,35.7444470,-0.5875583,22.000,45.0
2026-07-04T12:04:20Z,35.7445867,-0.5873860,22.000,45.0
2026-07-04T12:04:21Z,35.7447265,-0.5872138,22.000,45.0
2026-07-04T12:04:22Z,35.7448662,-0.5870415,22.000,45.0
2026-07-04T12:04:23Z,35.7450060,-0.5868693,22.000,45.0
2026-07-04T12:04:24Z,35.7451457,-0.5866970,22.000,45.0
2026-07-04T12:04:25Z,35.7452855,-0.5865248,22.000,45.0
2026-07-04T12:04:26Z,35.7454252,-0.5863525,22.000,45.0
2026-07-04T12:04:27Z,35.7455650,-0.5861802,22.000,45.0
2026-07-04T12:04:28Z,35.7457047,-0.5860080,22.000,45.0
2026-07-04T12:04:29Z,35.7458444,-0.5858357,22.000,45.0
2026-07-04T12:04:30Z,35.7459842,-0.5856635,22.000,45.0
2026-07-04T12:04:31Z,35.7461239,-0.5854912,22.000,45.0
2026-07-04T12:04:32Z,35.7462637,-0.5853190,22.000,45.0
2026-07-04T12:04:33Z,35.7464034,-0.5851467,22.000,45.0
2026-07-04T12:04:34Z,35.7465432,-0.5849744,22.000,45.0
2026-07-04T12:04:35Z,35.7466829,-0.5848022,22.000,45.0
2026-07-04T12:04:36Z,35.7468227,-0.5846299,22.000,45.0
2026-07-04T12:04:37Z,35.7469624,-0.5844576,22.000,45.0
2026-07-04T12:04:38Z,35.7471021,-0.5842854,22.000,45.0
2026-07-04T12:04:39Z,35.7472419,-0.5841131,22.000,45.0
2026-07-04T12:04:40Z,35.7473816,-0.5839409,22.000,45.0
2026-07-04T12:04:41Z,35.7475214,-0.5837686,22.000,45.0
2026-07-04T12:04:42Z,35.7476611,-0.5835963,22.000,45.0
2026-07-04T12:04:43Z,35.7478009,-0.5834241,22.000,45.0
2026-07-04T12:04:44Z,35.7479406,-0.5832518,22.000,45.0
2026-07-04T12:04:45Z,35.7480804,-0.5830795,22.000,45.0
2026-07-04T12:04:46Z,35.7482201,-0.5829073,22.000,45.0
2026-07-04T12:04:47Z,35.7483598,-0.5827350,22.000,45.0
2026-07-04T12:04:48Z,35.7484996,-0.5825627,22.000,45.0
2026-07-04T12:04:49Z,35.7486393,-0.5823904,22.000,45.0
2026-07-04T12:04:50Z,35.7487791,-0.5822182,22.000,45.0
2026-07-04T12:04:51Z,35.7489188,-0.5820459,22.000,45.0
2026-07-04T12:04:52Z,35.7490586,-0.5818736,22.000,45.0
2026-07-04T12:04:53Z,35.7491983,-0.5817014,22.000,45.0
2026-07-04T12:04:54Z,35.7493381,-0.5815291,22.000,45.0
2026-07-04T12:04:55Z,35.7494778,-0.5813568,22.000,45.0
2026-07-04T12:04:56Z,35.7496175,-0.5811845,22.000,45.0
2026-07-04T12:04:57Z,35.7497573,-0.5810123,22.000,45.0
2026-07-04T12:04:58Z,35.7498970,-0.5808400,22.000,45.0
2026-07-04T12:04:59Z,35.7500368,-0.5806677,22.000,45.0
2026-07-04T12:05:00Z,35.7501765,-0.5804954,22.000,45.0
2026-07-04T12:05:01Z,35.7503163,-0.5803232,22.000,45.0
2026-07-04T12:05:02Z,35.7504560,-0.5801509,22.000,45.0
2026-07-04T12:05:03Z,35.7505958,-0.5799786,22.000,45.0
2026-07-04T12:05:04Z,35.7507355,-0.5798063,22.000,45.0
2026-07-04T12:05:05Z,35.7508752,-0.5796341,22.000,45.0
2026-07-04T12:05:06Z,35.7510150,-0.5794618,22.000,45.0
2026-07-04T12:05:07Z,35.7511547,-0.5792895,22.000,45.0
2026-07-04T12:05:08Z,35.7512945,-0.5791172,22.000,45.0
2026-07-04T12:05:09Z,35.7514342,-0.5789449,22.000,45.0
2026-07-04T12:05:10Z,35.7515740,-0.5787726,22.000,45.0
2026-07-04T12:05:11Z,35.7517137,-0.5786004,22.000,45.0
2026-07-04T12:05:12Z,35.7518535,-0.5784281,22.000,45.0
2026-07-04T12:05:13Z,35.7519932,-0.5782558,22.000,45.0
2026-07-04T12:05:14Z,35.7521329,-0.5780835,22.000,45.0
2026-07-04T12:05:15Z,35.7522727,-0.5779112,22.000,45.0
2026-07-04T12:05:16Z,35.7524124,-0.5777389,22.000,45.0
2026-07-04T12:05:17Z,35.7525522,-0.5775667,22.000,45.0
2026-07-04T12:05:18Z,35.7526919,-0.5773944,22.000,45.0
2026-07-04T12:05:19Z,35.7528317,-0.5772221,22.000,45.0
2026-07-04T12:05:20Z,35.7529714,-0.5770498,22.000,45.0
2026-07-04T12:05:21Z,35.7531112,-0.5768775,22.000,45.0
2026-07-04T12:05:22Z,35.7532509,-0.5767052,22.000,45.0
2026-07-04T12:05:23Z,35.7533906,-0.5765329,22.000,45.0
2026-07-04T12:05:24Z,35.7535304,-0.5763606,22.000,45.0
2026-07-04T12:05:25Z,35.7536701,-0.5761883,22.000,45.0
2026-07-04T12:05:26Z,35.7538099,-0.5760160,22.000,45.0
2026-07-04T12:05:27Z,35.7539496,-0.5758438,22.000,45.0
2026-07-04T12:05:28Z,35.7540894,-0.5756715,22.000,45.0
2026-07-04T12:05:29Z,35.7542291,-0.5754992,22.000,45.0
2026-07-04T12:05:30Z,35.7543689,-0.5753269,22.000,45.0
2026-07-04T12:05:31Z,35.7544938,-0.5751728,17.333,45.0
2026-07-04T12:05:32Z,35.7545891,-0.5750554,12.667,45.0
2026-07-04T12:05:33Z,35.7546547,-0.5749744,8.000,45.0
2026-07-04T12:05:34Z,35.7547055,-0.5749118,8.000,45.0
2026-07-04T12:05:35Z,35.7547563,-0.5748491,8.000,45.0
2026-07-04T12:05:36Z,35.7548071,-0.5747865,8.000,45.0
2026-07-04T12:05:37Z,35.7548580,-0.5747238,8.000,45.0
2026-07-04T12:05:38Z,35.7549088,-0.5746612,8.000,45.0
2026-07-04T12:05:39Z,35.7549596,-0.5745985,8.000,45.0
2026-07-04T12:05:40Z,35.7550104,-0.5745359,8.000,45.0
2026-07-04T12:05:41Z,35.7550612,-0.5744732,8.000,45.0
2026-07-04T12:05:42Z,35.7551120,-0.5744106,8.000,45.0
2026-07-04T12:05:43Z,35.7551629,-0.5743479,8.000,45.0
2026-07-04T12:05:44Z,35.7552137,-0.5742853,8.000,45.0
2026-07-04T12:05:45Z,35.7552645,-0.5742226,8.000,45.0
2026-07-04T12:05:46Z,35.7553153,-0.5741599,8.000,45.0
2026-07-04T12:05:47Z,35.7553661,-0.5740973,8.000,45.0
2026-07-04T12:05:48Z,35.7554169,-0.5740346,8.000,45.0
2026-07-04T12:05:49Z,35.7554678,-0.5739720,8.000,45.0
2026-07-04T12:05:50Z,35.7555186,-0.5739093,8.000,45.0
2026-07-04T12:05:51Z,35.7555694,-0.5738467,8.000,45.0
2026-07-04T12:05:52Z,35.7556202,-0.5737840,8.000,45.0
2026-07-04T12:05:53Z,35.7556710,-0.5737214,8.000,45.0
2026-07-04T12:05:54Z,35.7557218,-0.5736587,8.000,45.0
2026-07-04T12:05:55Z,35.7557727,-0.5735961,8.000,45.0
2026-07-04T12:05:56Z,35.7558235,-0.5735334,8.000,45.0
2026-07-04T12:05:57Z,35.7558743,-0.5734707,8.000,45.0
2026-07-04T12:05:58Z,35.7559251,-0.5734081,8.000,45.0
2026-07-04T12:05:59Z,35.7559759,-0.5733454,8.000,45.0
2026-07-04T12:06:00Z,35.7560267,-0.5732828,8.000,45.0
2026-07-04T12:06:01Z,35.7560775,-0.5732201,8.000,45.0
2026-07-04T12:06:02Z,35.7561284,-0.5731575,8.000,45.0
2026-07-04T12:06:03Z,35.7561792,-0.5730948,8.000,45.0
2026-07-04T12:06:04Z,35.7562300,-0.5730322,8.000,45.0
2026-07-04T12:06:05Z,35.7562808,-0.5729695,8.000,45.0
2026-07-04T12:06:06Z,35.7563316,-0.5729069,8.000,45.0
2026-07-04T12:06:07Z,35.7563824,-0.5728442,8.000,45.0
2026-07-04T12:06:08Z,35.7564333,-0.5727815,8.000,45.0
2026-07-04T12:06:09Z,35.7564841,-0.5727189,8.000,45.0
2026-07-04T12:06:10Z,35.7565349,-0.5726562,8.000,45.0
2026-07-04T12:06:11Z,35.7565857,-0.5725936,8.000,45.0
2026-07-04T12:06:12Z,35.7566365,-0.5725309,8.000,45.0
2026-07-04T12:06:13Z,35.7566873,-0.5724683,8.000,45.0
2026-07-04T12:06:14Z,35.7567382,-0.5724056,8.000,45.0
2026-07-04T12:06:15Z,35.7567890,-0.5723429,8.000,45.0
2026-07-04T12:06:16Z,35.7568398,-0.5722803,8.000,45.0
2026-07-04T12:06:17Z,35.7568906,-0.5722176,8.000,45.0
2026-07-04T12:06:18Z,35.7569414,-0.5721550,8.000,45.0
2026-07-04T12:06:19Z,35.7569922,-0.5720923,8.000,45.0
2026-07-04T12:06:20Z,35.7570431,-0.5720297,8.000,45.0
2026-07-04T12:06:21Z,35.7570939,-0.5719670,8.000,45.0
2026-07-04T12:06:22Z,35.7571447,-0.5719043,8.000,45.0
2026-07-04T12:06:23Z,35.7571955,-0.5718417,8.000,45.0
2026-07-04T12:06:24Z,35.7572463,-0.5717790,8.000,45.0
2026-07-04T12:06:25Z,35.7572971,-0.5717164,8.000,45.0
2026-07-04T12:06:26Z,35.7573480,-0.5716537,8.000,45.0
2026-07-04T12:06:27Z,35.7573988,-0.5715911,8.000,45.0
2026-07-04T12:06:28Z,35.7574496,-0.5715284,8.000,45.0
2026-07-04T12:06:29Z,35.7575004,-0.5714657,8.000,45.0
2026-07-04T12:06:30Z,35.7575512,-0.5714031,8.000,45.0
2026-07-04T12:06:31Z,35.7576147,-0.5713248,12.000,45.0
2026-07-04T12:06:32Z,35.7577037,-0.5712151,16.000,45.0
2026-07-04T12:06:33Z,35.7578180,-0.5710741,20.000,45.0
2026-07-04T12:06:34Z,35.7579456,-0.5709168,20.185,45.0
2026-07-04T12:06:35Z,35.7580744,-0.5707579,20.370,45.0
2026-07-04T12:06:36Z,35.7582044,-0.5705977,20.556,45.0
2026-07-04T12:06:37Z,35.7583356,-0.5704359,20.741,45.0
2026-07-04T12:06:38Z,35.7584679,-0.5702728,20.926,45.0
2026-07-04T12:06:39Z,35.7586014,-0.5701081,21.111,45.0
2026-07-04T12:06:40Z,35.7587361,-0.5699421,21.296,45.0
2026-07-04T12:06:41Z,35.7588720,-0.5697745,21.481,45.0
2026-07-04T12:06:42Z,35.7590090,-0.5696056,21.667,45.0
2026-07-04T12:06:43Z,35.7591472,-0.5694351,21.852,45.0
2026-07-04T12:06:44Z,35.7592866,-0.5692633,22.037,45.0
2026-07-04T12:06:45Z,35.7594272,-0.5690899,22.222,45.0
2026-07-04T12:06:46Z,35.7595689,-0.5689151,22.407,45.0
2026-07-04T12:06:47Z,35.7597118,-0.5687389,22.593,45.0
2026-07-04T12:06:48Z,35.7598559,-0.5685612,22.778,45.0
2026-07-04T12:06:49Z,35.7600012,-0.5683821,22.963,45.0
2026-07-04T12:06:50Z,35.7601477,-0.5682015,23.148,45.0
2026-07-04T12:06:51Z,35.7602953,-0.5680195,23.333,45.0
2026-07-04T12:06:52Z,35.7604441,-0.5678360,23.519,45.0
2026-07-04T12:06:53Z,35.7605941,-0.5676510,23.704,45.0
2026-07-04T12:06:54Z,35.7607452,-0.5674646,23.889,45.0
2026-07-04T12:06:55Z,35.7608976,-0.5672768,24.074,45.0
2026-07-04T12:06:56Z,35.7610511,-0.5670875,24.259,45.0
2026-07-04T12:06:57Z,35.7612057,-0.5668967,24.444,45.0
2026-07-04T12:06:58Z,35.7613616,-0.5667046,24.630,45.0
2026-07-04T12:06:59Z,35.7615186,-0.5665109,24.815,45.0
2026-07-04T12:07:00Z,35.7616769,-0.5663158,25.000,45.0
2026-07-04T12:07:01Z,35.7618372,-0.5661180,25.500,45.0
2026-07-04T12:07:02Z,35.7620008,-0.5659163,26.000,45.0
2026-07-04T12:07:03Z,35.7621675,-0.5657107,26.500,45.0
2026-07-04T12:07:04Z,35.7623375,-0.5655012,27.000,45.0
2026-07-04T12:07:05Z,35.7625106,-0.5652877,27.500,45.0
2026-07-04T12:07:06Z,35.7626868,-0.5650703,28.000,45.0
2026-07-04T12:07:07Z,35.7628663,-0.5648490,28.500,45.0
2026-07-04T12:07:08Z,35.7630489,-0.5646238,29.000,45.0
2026-07-04T12:07:09Z,35.7632347,-0.5643947,29.500,45.0
2026-07-04T12:07:10Z,35.7634237,-0.5641617,30.000,45.0
2026-07-04T12:07:11Z,35.7636142,-0.5639267,30.000,45.0
2026-07-04T12:07:12Z,35.7638048,-0.5636917,30.000,45.0
2026-07-04T12:07:13Z,35.7639953,-0.5634567,30.000,45.0
2026-07-04T12:07:14Z,35.7641859,-0.5632217,30.000,45.0
2026-07-04T12:07:15Z,35.7643765,-0.5629867,30.000,45.0
2026-07-04T12:07:16Z,35.7645670,-0.5627516,30.000,45.0
2026-07-04T12:07:17Z,35.7647576,-0.5625166,30.000,45.0
2026-07-04T12:07:18Z,35.7649481,-0.5622816,30.000,45.0
2026-07-04T12:07:19Z,35.7651387,-0.5620466,30.000,45.0
2026-07-04T12:07:20Z,35.7653293,-0.5618116,30.000,45.0
2026-07-04T12:07:21Z,35.7655198,-0.5615766,30.000,45.0
2026-07-04T12:07:22Z,35.7657104,-0.5613416,30.000,45.0
2026-07-04T12:07:23Z,35.7659009,-0.5611066,30.000,45.0
2026-07-04T12:07:24Z,35.7660915,-0.5608716,30.000,45.0
2026-07-04T12:07:25Z,35.7662821,-0.5606365,30.000,45.0
2026-07-04T12:07:26Z,35.7664726,-0.5604015,30.000,45.0
2026-07-04T12:07:27Z,35.7666632,-0.5601665,30.000,45.0
2026-07-04T12:07:28Z,35.7668537,-0.5599315,30.000,45.0
2026-07-04T12:07:29Z,35.7670443,-0.5596965,30.000,45.0
2026-07-04T12:07:30Z,35.7672349,-0.5594614,30.000,45.0
2026-07-04T12:07:31Z,35.7674254,-0.5592264,30.000,45.0
2026-07-04T12:07:32Z,35.7676160,-0.5589914,30.000,45.0
2026-07-04T12:07:33Z,35.7678066,-0.5587564,30.000,45.0
2026-07-04T12:07:34Z,35.7679971,-0.5585213,30.000,45.0
2026-07-04T12:07:35Z,35.7681877,-0.5582863,30.000,45.0
2026-07-04T12:07:36Z,35.7683782,-0.5580513,30.000,45.0
2026-07-04T12:07:37Z,35.7685688,-0.5578162,30.000,45.0
2026-07-04T12:07:38Z,35.7687594,-0.5575812,30.000,45.0
2026-07-04T12:07:39Z,35.7689499,-0.5573462,30.000,45.0
2026-07-04T12:07:40Z,35.7691405,-0.5571111,30.000,45.0
2026-07-04T12:07:41Z,35.7693310,-0.5568761,30.000,45.0
2026-07-04T12:07:42Z,35.7695216,-0.5566411,30.000,45.0
2026-07-04T12:07:43Z,35.7697122,-0.5564060,30.000,45.0
2026-07-04T12:07:44Z,35.7699027,-0.5561710,30.000,45.0
2026-07-04T12:07:45Z,35.7700933,-0.5559359,30.000,45.0
2026-07-04T12:07:46Z,35.7702823,-0.5557029,29.500,45.0
2026-07-04T12:07:47Z,35.7704680,-0.5554737,29.000,45.0
2026-07-04T12:07:48Z,35.7706507,-0.5552485,28.500,45.0
2026-07-04T12:07:49Z,35.7708301,-0.5550271,28.000,45.0
2026-07-04T12:07:50Z,35.7710064,-0.5548097,27.500,45.0
2026-07-04T12:07:51Z,35.7711795,-0.5545962,27.000,45.0
2026-07-04T12:07:52Z,35.7713494,-0.5543866,26.500,45.0
2026-07-04T12:07:53Z,35.7715161,-0.5541809,26.000,45.0
2026-07-04T12:07:54Z,35.7716797,-0.5539792,25.500,45.0
2026-07-04T12:07:55Z,35.7718401,-0.5537814,25.000,45.0
2026-07-04T12:07:56Z,35.7719989,-0.5535855,25.000,45.0
2026-07-04T12:07:57Z,35.7721577,-0.5533896,25.000,45.0
2026-07-04T12:07:58Z,35.7723165,-0.5531937,25.000,45.0
2026-07-04T12:07:59Z,35.7724753,-0.5529979,25.000,45.0
2026-07-04T12:08:00Z,35.7726341,-0.5528020,25.000,45.0
2026-07-04T12:08:01Z,35.7727929,-0.5526061,25.000,45.0
2026-07-04T12:08:02Z,35.7729517,-0.5524102,25.000,45.0
2026-07-04T12:08:03Z,35.7731105,-0.5522143,25.000,45.0
2026-07-04T12:08:04Z,35.7732693,-0.5520185,25.000,45.0
2026-07-04T12:08:05Z,35.7734281,-0.5518226,25.000,45.0
2026-07-04T12:08:06Z,35.7735869,-0.5516267,25.000,45.0
2026-07-04T12:08:07Z,35.7737457,-0.5514308,25.000,45.0
2026-07-04T12:08:08Z,35.7739045,-0.5512349,25.000,45.0
2026-07-04T12:08:09Z,35.7740633,-0.5510390,25.000,45.0
2026-07-04T12:08:10Z,35.7742221,-0.5508431,25.000,45.0
2026-07-04T12:08:11Z,35.7743809,-0.5506473,25.000,45.0
2026-07-04T12:08:12Z,35.7745397,-0.5504514,25.000,45.0
2026-07-04T12:08:13Z,35.7746985,-0.5502555,25.000,45.0
2026-07-04T12:08:14Z,35.7748573,-0.5500596,25.000,45.0
2026-07-04T12:08:15Z,35.7750161,-0.5498637,25.000,45.0
2026-07-04T12:08:16Z,35.7751749,-0.5496678,25.000,45.0
2026-07-04T12:08:17Z,35.7753337,-0.5494719,25.000,45.0
2026-07-04T12:08:18Z,35.7754925,-0.5492760,25.000,45.0
2026-07-04T12:08:19Z,35.7756513,-0.5490801,25.000,45.0
2026-07-04T12:08:20Z,35.7758101,-0.5488842,25.000,45.0
2026-07-04T12:08:21Z,35.7759689,-0.5486883,25.000,45.0
2026-07-04T12:08:22Z,35.7761277,-0.5484924,25.000,45.0
2026-07-04T12:08:23Z,35.7762865,-0.5482965,25.000,45.0
2026-07-04T12:08:24Z,35.7764453,-0.5481006,25.000,45.0
2026-07-04T12:08:25Z,35.7766041,-0.5479047,25.000,45.0
2026-07-04T12:08:26Z,35.7767629,-0.5477088,25.000,45.0
2026-07-04T12:08:27Z,35.7769217,-0.5475129,25.000,45.0
2026-07-04T12:08:28Z,35.7770805,-0.5473170,25.000,45.0
2026-07-04T12:08:29Z,35.7772393,-0.5471211,25.000,45.0
2026-07-04T12:08:30Z,35.7773981,-0.5469252,25.000,45.0
2026-07-04T12:08:31Z,35.7775569,-0.5467293,25.000,45.0
2026-07-04T12:08:32Z,35.7777157,-0.5465334,25.000,45.0
2026-07-04T12:08:33Z,35.7778745,-0.5463375,25.000,45.0
2026-07-04T12:08:34Z,35.7780333,-0.5461416,25.000,45.0
2026-07-04T12:08:35Z,35.7781921,-0.5459457,25.000,45.0
2026-07-04T12:08:36Z,35.7783509,-0.5457498,25.000,45.0
2026-07-04T12:08:37Z,35.7785097,-0.5455539,25.000,45.0
2026-07-04T12:08:38Z,35.7786685,-0.5453580,25.000,45.0
2026-07-04T12:08:39Z,35.7788273,-0.5451621,25.000,45.0
2026-07-04T12:08:40Z,35.7789861,-0.5449662,25.000,45.0
2026-07-04T12:08:41Z,35.7791449,-0.5447703,25.000,45.0
2026-07-04T12:08:42Z,35.7793037,-0.5445743,25.000,45.0
2026-07-04T12:08:43Z,35.7794625,-0.5443784,25.000,45.0
2026-07-04T12:08:44Z,35.7796213,-0.5441825,25.000,45.0
2026-07-04T12:08:45Z,35.7797801,-0.5439866,25.000,45.0
2026-07-04T12:08:46Z,35.7799389,-0.5437907,25.000,45.0
2026-07-04T12:08:47Z,35.7800977,-0.5435948,25.000,45.0
2026-07-04T12:08:48Z,35.7802565,-0.5433989,25.000,45.0
2026-07-04T12:08:49Z,35.7804153,-0.5432029,25.000,45.0
2026-07-04T12:08:50Z,35.7805741,-0.5430070,25.000,45.0
2026-07-04T12:08:51Z,35.7807329,-0.5428111,25.000,45.0
2026-07-04T12:08:52Z,35.7808917,-0.5426152,25.000,45.0
2026-07-04T12:08:53Z,35.7810505,-0.5424193,25.000,45.0
2026-07-04T12:08:54Z,35.7812093,-0.5422233,25.000,45.0
2026-07-04T12:08:55Z,35.7813681,-0.5420274,25.000,45.0
2026-07-04T12:08:56Z,35.7815269,-0.5418315,25.000,45.0
2026-07-04T12:08:57Z,35.7816857,-0.5416356,25.000,45.0
2026-07-04T12:08:58Z,35.7818445,-0.5414396,25.000,45.0
2026-07-04T12:08:59Z,35.7820033,-0.5412437,25.000,45.0
2026-07-04T12:09:00Z,35.7821621,-0.5410478,25.000,45.0
2026-07-04T12:09:01Z,35.7823209,-0.5408519,25.000,45.0
2026-07-04T12:09:02Z,35.7824797,-0.5406559,25.000,45.0
2026-07-04T12:09:03Z,35.7826385,-0.5404600,25.000,45.0
2026-07-04T12:09:04Z,35.7827973,-0.5402641,25.000,45.0
2026-07-04T12:09:05Z,35.7829561,-0.5400681,25.000,45.0
2026-07-04T12:09:06Z,35.7831149,-0.5398722,25.000,45.0
2026-07-04T12:09:07Z,35.7832737,-0.5396763,25.000,45.0
2026-07-04T12:09:08Z,35.7834325,-0.5394804,25.000,45.0
2026-07-04T12:09:09Z,35.7835913,-0.5392844,25.000,45.0
2026-07-04T12:09:10Z,35.7837501,-0.5390885,25.000,45.0
2026-07-04T12:09:11Z,35.7839089,-0.5388926,25.000,45.0
2026-07-04T12:09:12Z,35.7840677,-0.5386966,25.000,45.0
2026-07-04T12:09:13Z,35.7842265,-0.5385007,25.000,45.0
2026-07-04T12:09:14Z,35.7843853,-0.5383047,25.000,45.0
2026-07-04T12:09:15Z,35.7845441,-0.5381088,25.000,45.0
2026-07-04T12:09:16Z,35.7847029,-0.5379129,25.000,45.0
2026-07-04T12:09:17Z,35.7848617,-0.5377169,25.000,45.0
2026-07-04T12:09:18Z,35.7850205,-0.5375210,25.000,45.0
2026-07-04T12:09:19Z,35.7851793,-0.5373250,25.000,45.0
2026-07-04T12:09:20Z,35.7853381,-0.5371291,25.000,45.0
2026-07-04T12:09:21Z,35.7854964,-0.5369338,24.825,45.0
2026-07-04T12:09:22Z,35.7856535,-0.5367400,24.650,45.0
2026-07-04T12:09:23Z,35.7858095,-0.5365474,24.475,45.0
2026-07-04T12:09:24Z,35.7859644,-0.5363563,24.300,45.0
2026-07-04T12:09:25Z,35.7861182,-0.5361665,24.125,45.0
2026-07-04T12:09:26Z,35.7862709,-0.5359781,23.950,45.0
2026-07-04T12:09:27Z,35.7864225,-0.5357911,23.775,45.0
2026-07-04T12:09:28Z,35.7865730,-0.5356054,23.600,45.0
2026-07-04T12:09:29Z,35.7867223,-0.5354211,23.425,45.0
2026-07-04T12:09:30Z,35.7868705,-0.5352382,23.250,45.0
2026-07-04T12:09:31Z,35.7870177,-0.5350567,23.075,45.0
2026-07-04T12:09:32Z,35.7871637,-0.5348765,22.900,45.0
2026-07-04T12:09:33Z,35.7873086,-0.5346977,22.725,45.0
2026-07-04T12:09:34Z,35.7874524,-0.5345203,22.550,45.0
2026-07-04T12:09:35Z,35.7875951,-0.5343442,22.375,45.0
2026-07-04T12:09:36Z,35.7877366,-0.5341695,22.200,45.0
2026-07-04T12:09:37Z,35.7878771,-0.5339962,22.025,45.0
2026-07-04T12:09:38Z,35.7880165,-0.5338242,21.850,45.0
2026-07-04T12:09:39Z,35.7881547,-0.5336536,21.675,45.0
2026-07-04T12:09:40Z,35.7882918,-0.5334844,21.500,45.0
2026-07-04T12:09:41Z,35.7884278,-0.5333166,21.325,45.0
2026-07-04T12:09:42Z,35.7885627,-0.5331501,21.150,45.0
2026-07-04T12:09:43Z,35.7886965,-0.5329850,20.975,45.0
2026-07-04T12:09:44Z,35.7888292,-0.5328213,20.800,45.0
2026-07-04T12:09:45Z,35.7889608,-0.5326590,20.625,45.0
2026-07-04T12:09:46Z,35.7890912,-0.5324980,20.450,45.0
2026-07-04T12:09:47Z,35.7892206,-0.5323384,20.275,45.0
2026-07-04T12:09:48Z,35.7893488,-0.5321801,20.100,45.0
2026-07-04T12:09:49Z,35.7894759,-0.5320233,19.925,45.0
2026-07-04T12:09:50Z,35.7896019,-0.5318678,19.750,45.0
2026-07-04T12:09:51Z,35.7897268,-0.5317136,19.575,45.0
2026-07-04T12:09:52Z,35.7898506,-0.5315609,19.400,45.0
2026-07-04T12:09:53Z,35.7899733,-0.5314095,19.225,45.0
2026-07-04T12:09:54Z,35.7900948,-0.5312595,19.050,45.0
2026-07-04T12:09:55Z,35.7902153,-0.5311109,18.875,45.0
2026-07-04T12:09:56Z,35.7903346,-0.5309636,18.700,45.0
2026-07-04T12:09:57Z,35.7904528,-0.5308177,18.525,45.0
2026-07-04T12:09:58Z,35.7905700,-0.5306732,18.350,45.0
2026-07-04T12:09:59Z,35.7906860,-0.5305300,18.175,45.0
2026-07-04T12:10:00Z,35.7908009,-0.5303882,18.000,45.0
