timestamp,ax,ay,az,gx,gy,gz
2026-07-04T12:00:00Z,0.3758,-0.0173,9.8226,-0.0041,-0.0087,-0.0046
2026-07-04T12:00:01Z,0.3355,0.0382,9.8069,0.0009,-0.0165,-0.0197
2026-07-04T12:00:02Z,0.3892,-0.0188,9.7905,-0.0192,0.0029,0.0106
2026-07-04T12:00:03Z,0.3949,-0.0191,9.7898,0.0048,-0.0035,-0.0027
2026-07-04T12:00:04Z,0.3081,0.0162,9.7886,-0.0000,-0.0237,0.0074
2026-07-04T12:00:05Z,0.3276,0.0229,9.7836,0.0004,-0.0054,0.0236
2026-07-04T12:00:06Z,0.3705,0.0134,9.8784,0.0096,-0.0090,-0.0035
2026-07-04T12:00:07Z,0.3572,-0.0506,9.8189,-0.0195,0.0158,-0.0042
2026-07-04T12:00:08Z,0.3662,0.0161,9.8366,-0.0197,-0.0170,0.0012
2026-07-04T12:00:09Z,0.3411,-0.0310,9.7953,0.0027,-0.0144,0.0099
2026-07-04T12:00:10Z,0.3930,0.0071,9.8044,-0.0001,0.0111,-0.0057
2026-07-04T12:00:11Z,0.3900,-0.0427,9.7886,0.0017,0.0136,-0.0063
2026-07-04T12:00:12Z,0.3686,0.0134,9.7304,-0.0046,-0.0074,0.0106
2026-07-04T12:00:13Z,0.4005,-0.0242,9.7687,0.0066,-0.0063,0.0038
2026-07-04T12:00:14Z,0.3807,-0.0385,9.7557,0.0093,0.0062,-0.0204
2026-07-04T12:00:15Z,0.3409,0.0214,9.7425,0.0048,-0.0233,-0.0123
2026-07-04T12:00:16Z,0.3777,0.0072,9.7741,-0.0026,-0.0186,0.0150
2026-07-04T12:00:17Z,0.3379,-0.0184,9.8497,-0.0211,-0.0028,0.0040
2026-07-04T12:00:18Z,0.3930,0.0435,9.8087,0.0077,0.0155,-0.0076
2026-07-04T12:00:19Z,0.3652,-0.0132,9.8487,0.0122,-0.0044,-0.0017
2026-07-04T12:00:20Z,0.3611,0.0010,9.8223,0.0064,0.0010,0.0001
2026-07-04T12:00:21Z,0.3462,0.0081,9.8335,-0.0088,0.0113,0.0074
2026-07-04T12:00:22Z,0.4033,-0.0186,9.7830,0.0067,0.0211,-0.0136
2026-07-04T12:00:23Z,0.3620,0.0141,9.8257,0.0086,-0.0058,-0.0084
2026-07-04T12:00:24Z,0.3538,-0.0160,9.8319,0.0156,-0.0002,0.0027
2026-07-04T12:00:25Z,0.3561,-0.0123,9.7927,-0.0088,0.0182,-0.0010
2026-07-04T12:00:26Z,0.3826,0.0409,9.8268,-0.0023,-0.0152,0.0057
2026-07-04T12:00:27Z,0.3776,-0.0312,9.8270,0.0075,0.0103,-0.0123
2026-07-04T12:00:28Z,0.3790,-0.0724,9.7935,0.0006,-0.0102,0.0036
2026-07-04T12:00:29Z,0.3796,0.0483,9.7763,-0.0112,0.0010,0.0109
2026-07-04T12:00:30Z,0.4309,0.0765,9.7745,0.0041,-0.0024,0.0049
2026-07-04T12:00:31Z,0.3545,-0.0122,9.8126,0.0058,-0.0096,0.0014
2026-07-04T12:00:32Z,0.3513,-0.0581,9.8198,0.0009,-0.0098,-0.0010
2026-07-04T12:00:33Z,0.3423,-0.0093,9.7862,0.0022,0.0028,-0.0083
2026-07-04T12:00:34Z,0.3851,-0.0086,9.8108,-0.0026,0.0100,-0.0007
2026-07-04T12:00:35Z,0.4005,-0.0057,9.8271,0.0148,-0.0013,0.0126
2026-07-04T12:00:36Z,0.3632,-0.0334,9.8285,-0.0090,0.0007,-0.0012
2026-07-04T12:00:37Z,0.3415,0.0174,9.8566,-0.0059,0.0057,-0.0089
2026-07-04T12:00:38Z,0.3419,0.0157,9.8483,0.0001,-0.0097,-0.0049
2026-07-04T12:00:39Z,0.3862,-0.0448,9.7800,0.0088,0.0074,0.0020
2026-07-04T12:00:40Z,0.3890,0.0210,9.8605,-0.0150,0.0082,-0.0037
2026-07-04T12:00:41Z,0.3830,0.0616,9.7941,-0.0131,0.0260,0.0049
2026-07-04T12:00:42Z,0.3467,0.0052,9.8413,-0.0204,-0.0038,0.0052
2026-07-04T12:00:43Z,0.3736,-0.0101,9.8120,0.0003,-0.0046,0.0089
2026-07-04T12:00:44Z,0.3702,-0.0043,9.7976,-0.0112,0.0077,0.0142
2026-07-04T12:00:45Z,0.3732,0.0185,9.7558,-0.0038,0.0082,0.0100
2026-07-04T12:00:46Z,0.3928,-0.0519,9.8049,0.0066,-0.0054,-0.0093
2026-07-04T12:00:47Z,0.3734,0.0049,9.7632,-0.0064,-0.0040,-0.0090
2026-07-04T12:00:48Z,0.3870,-0.0117,9.8390,0.0023,0.0054,-0.0008
2026-07-04T12:00:49Z,0.3687,0.0554,9.8555,-0.0030,-0.0083,-0.0045
2026-07-04T12:00:50Z,0.3753,-0.0052,9.7861,0.0067,-0.0041,-0.0114
2026-07-04T12:00:51Z,0.3856,0.0500,9.8191,0.0048,0.0009,-0.0044
2026-07-04T12:00:52Z,0.3230,-0.0331,9.7882,-0.0069,0.0100,-0.0047
2026-07-04T12:00:53Z,0.3571,0.0176,9.7911,-0.0017,-0.0060,-0.0067
2026-07-04T12:00:54Z,0.3526,0.0096,9.8332,0.0104,-0.0184,-0.0032
2026-07-04T12:00:55Z,0.3475,-0.0261,9.8088,0.0039,-0.0192,0.0118
2026-07-04T12:00:56Z,0.3584,0.0053,9.8622,-0.0140,-0.0126,0.0020
2026-07-04T12:00:57Z,0.4115,0.0364,9.7955,0.0066,-0.0131,0.0247
2026-07-04T12:00:58Z,0.3407,-0.0097,9.8400,-0.0108,-0.0015,0.0017
2026-07-04T12:00:59Z,0.3957,-0.0508,9.8129,0.0141,-0.0119,-0.0029
2026-07-04T12:01:00Z,0.1328,-0.0005,9.8339,0.0102,-0.0070,0.0000
2026-07-04T12:01:01Z,-0.0100,-0.0271,9.7966,0.0029,-0.0077,0.0026
2026-07-04T12:01:02Z,0.0049,-0.0103,9.8085,0.0016,-0.0044,0.0044
2026-07-04T12:01:03Z,0.0176,-0.0024,9.8065,-0.0021,0.0132,0.0208
2026-07-04T12:01:04Z,0.0213,-0.0512,9.7849,0.0068,0.0066,-0.0085
2026-07-04T12:01:05Z,0.0238,-0.0485,9.8299,-0.0037,0.0002,0.0086
2026-07-04T12:01:06Z,-0.0105,0.0145,9.8295,0.0024,-0.0046,0.0021
2026-07-04T12:01:07Z,-0.0139,-0.0157,9.8278,0.0087,-0.0043,-0.0157
2026-07-04T12:01:08Z,0.0257,-0.0769,9.8561,-0.0056,0.0033,0.0077
2026-07-04T12:01:09Z,-0.0057,0.0235,9.8535,-0.0062,0.0058,0.0127
2026-07-04T12:01:10Z,-0.0383,0.0082,9.7988,-0.0119,-0.0091,-0.0086
2026-07-04T12:01:11Z,-0.0340,-0.0214,9.8212,-0.0106,0.0004,-0.0001
2026-07-04T12:01:12Z,-0.0276,-0.0395,9.7913,-0.0183,-0.0203,-0.0173
2026-07-04T12:01:13Z,0.0149,0.0251,9.8107,0.0073,0.0021,-0.0126
2026-07-04T12:01:14Z,0.0043,0.0105,9.7920,0.0181,0.0076,0.0105
2026-07-04T12:01:15Z,0.0207,0.0715,9.8586,0.0143,-0.0028,-0.0047
2026-07-04T12:01:16Z,-0.0128,0.0126,9.8209,-0.0163,0.0182,-0.0111
2026-07-04T12:01:17Z,0.0048,0.0116,9.8035,0.0072,-0.0088,0.0023
2026-07-04T12:01:18Z,0.0188,-0.0050,9.8458,0.0142,0.0022,-0.0052
2026-07-04T12:01:19Z,-0.0093,0.0245,9.7449,-0.0046,-0.0004,-0.0047
2026-07-04T12:01:20Z,0.0137,0.0188,9.7496,0.0010,-0.0010,0.0074
2026-07-04T12:01:21Z,-0.0199,0.0376,9.8339,-0.0201,-0.0011,-0.0116
2026-07-04T12:01:22Z,-0.0109,-0.0156,9.8118,0.0027,0.0011,-0.0091
2026-07-04T12:01:23Z,-0.0115,-0.0131,9.8175,-0.0106,0.0085,0.0015
2026-07-04T12:01:24Z,-0.0359,-0.0144,9.7702,0.0020,0.0138,0.0097
2026-07-04T12:01:25Z,0.0146,0.0237,9.8093,-0.0156,-0.0000,0.0124
2026-07-04T12:01:26Z,-0.0141,0.0450,9.8701,0.0054,0.0082,-0.0067
2026-07-04T12:01:27Z,0.0004,-0.0138,9.8347,0.0102,-0.0070,0.0094
2026-07-04T12:01:28Z,0.0144,-0.0127,9.8151,-0.0078,0.0077,-0.0078
2026-07-04T12:01:29Z,0.0134,0.0094,9.7968,-0.0114,-0.0076,0.0183
2026-07-04T12:01:30Z,0.0200,-0.0074,9.7982,-0.0216,0.0109,-0.0113
2026-07-04T12:01:31Z,-0.0030,0.0286,9.7461,-0.0027,0.0221,0.0133
2026-07-04T12:01:32Z,-0.0127,-0.0676,9.8177,-0.0058,-0.0012,-0.0066
2026-07-04T12:01:33Z,-0.0024,-0.0248,9.8354,-0.0155,-0.0219,0.0201
2026-07-04T12:01:34Z,-0.0506,-0.0235,9.7627,0.0045,-0.0055,0.0059
2026-07-04T12:01:35Z,-0.0434,-0.0696,9.7902,-0.0045,0.0123,-0.0102
2026-07-04T12:01:36Z,-0.0397,-0.0289,9.7753,-0.0108,0.0055,-0.0052
2026-07-04T12:01:37Z,-0.0299,-0.0275,9.7810,-0.0055,0.0025,0.0078
2026-07-04T12:01:38Z,0.0120,-0.0060,9.8116,0.0107,0.0101,0.0105
2026-07-04T12:01:39Z,-0.0272,0.0334,9.7475,0.0060,0.0048,-0.0007
2026-07-04T12:01:40Z,-0.0113,-0.0074,9.8284,-0.0013,0.0122,0.0004
2026-07-04T12:01:41Z,0.0390,-0.0309,9.8326,0.0062,0.0092,0.0076
2026-07-04T12:01:42Z,-0.0107,-0.0017,9.8025,-0.0116,0.0152,0.0013
2026-07-04T12:01:43Z,0.0221,0.0315,9.7356,0.0003,0.0036,-0.0129
2026-07-04T12:01:44Z,-0.0280,-0.0293,9.7801,0.0015,0.0091,-0.0081
2026-07-04T12:01:45Z,-0.0062,-0.0273,9.8470,-0.0047,-0.0031,0.0024
2026-07-04T12:01:46Z,-0.0285,0.0168,9.7267,0.0044,-0.0060,0.0122
2026-07-04T12:01:47Z,-0.0102,-0.0066,9.7996,-0.0078,0.0171,0.0162
2026-07-04T12:01:48Z,0.0252,0.0194,9.7746,0.0051,0.0022,0.0078
2026-07-04T12:01:49Z,-0.0518,-0.0004,9.8341,0.0055,0.0080,0.0029
2026-07-04T12:01:50Z,0.0130,0.0210,9.7897,-0.0292,0.0012,0.0075
2026-07-04T12:01:51Z,0.0071,-0.0311,9.8221,0.0119,-0.0059,-0.0067
2026-07-04T12:01:52Z,-0.0178,-0.0004,9.8270,-0.0305,0.0001,-0.0015
2026-07-04T12:01:53Z,-0.0434,-0.0063,9.8651,-0.0062,0.0144,-0.0082
2026-07-04T12:01:54Z,0.0022,-0.0365,9.8039,0.0103,0.0056,-0.0125
2026-07-04T12:01:55Z,-0.0159,-0.0469,9.8213,-0.0032,-0.0171,0.0033
2026-07-04T12:01:56Z,0.0070,0.0206,9.7654,-0.0147,-0.0022,0.0019
2026-07-04T12:01:57Z,0.0007,-0.0105,9.8457,-0.0109,0.0178,0.0069
2026-07-04T12:01:58Z,0.0481,-0.0307,9.7872,0.0103,-0.0021,0.0055
2026-07-04T12:01:59Z,-0.0072,-0.0029,9.7932,-0.0192,-0.0180,0.0024
2026-07-04T12:02:00Z,-0.0307,0.0338,9.8093,0.0113,0.0189,0.0056
2026-07-04T12:02:01Z,0.0054,-0.0684,9.7631,-0.0006,0.0068,-0.0004
2026-07-04T12:02:02Z,0.0066,-0.0449,9.8169,-0.0119,-0.0007,0.0041
2026-07-04T12:02:03Z,0.0408,-0.0277,9.8390,-0.0058,-0.0037,-0.0073
2026-07-04T12:02:04Z,0.0251,0.0438,9.8188,-0.0102,0.0108,0.0037
2026-07-04T12:02:05Z,0.0107,0.0085,9.7623,0.0087,-0.0054,0.0067
2026-07-04T12:02:06Z,0.0439,0.0230,9.8063,0.0073,0.0115,-0.0067
2026-07-04T12:02:07Z,-0.0357,-0.0342,9.8323,-0.0172,0.0054,0.0005
2026-07-04T12:02:08Z,-0.0192,-0.0336,9.7537,-0.0040,0.0024,-0.0062
2026-07-04T12:02:09Z,-0.0278,0.0134,9.7778,-0.0086,0.0015,-0.0053
2026-07-04T12:02:10Z,-0.0117,0.0017,9.8363,0.0129,-0.0017,-0.0112
2026-07-04T12:02:11Z,-0.0413,0.0165,9.8181,-0.0135,0.0105,0.0127
2026-07-04T12:02:12Z,0.0191,-0.0056,9.8224,0.0160,-0.0087,0.0107
2026-07-04T12:02:13Z,-0.0067,0.0083,9.8658,-0.0003,-0.0162,0.0054
2026-07-04T12:02:14Z,-0.0441,0.0047,9.8241,-0.0116,0.0061,0.0197
2026-07-04T12:02:15Z,-0.0305,0.0233,9.8297,-0.0068,0.0063,-0.0019
2026-07-04T12:02:16Z,0.0094,0.0242,9.8913,-0.0080,0.0048,0.0303
2026-07-04T12:02:17Z,0.0251,-0.0486,9.8036,-0.0127,0.0041,-0.0023
2026-07-04T12:02:18Z,0.0599,-0.0674,9.7861,0.0009,-0.0032,0.0026
2026-07-04T12:02:19Z,0.0874,0.0301,9.8228,-0.0123,0.0079,-0.0040
2026-07-04T12:02:20Z,0.0124,0.0356,9.8232,-0.0218,-0.0005,0.0037
2026-07-04T12:02:21Z,-0.0297,-0.0306,9.7942,-0.0038,-0.0049,0.0084
2026-07-04T12:02:22Z,-0.0640,-0.0558,9.7790,-0.0180,-0.0031,-0.0011
2026-07-04T12:02:23Z,0.0080,0.0030,9.8793,-0.0075,0.0202,0.0178
2026-07-04T12:02:24Z,-0.0244,0.0279,9.8198,-0.0091,-0.0173,0.0024
2026-07-04T12:02:25Z,-0.0125,0.0539,9.7880,-0.0087,0.0050,0.0027
2026-07-04T12:02:26Z,-0.0184,0.0155,9.8375,0.0200,-0.0168,-0.0091
2026-07-04T12:02:27Z,-0.0042,-0.0112,9.8067,0.0006,-0.0011,0.0042
2026-07-04T12:02:28Z,0.0320,-0.0268,9.8024,0.0025,-0.0043,-0.0013
2026-07-04T12:02:29Z,0.0047,0.0003,9.8269,-0.0178,-0.0209,-0.0061
2026-07-04T12:02:30Z,-0.0048,-0.0090,9.7712,-0.0065,0.0039,-0.0078
2026-07-04T12:02:31Z,-0.0311,-0.0305,9.8206,0.0022,-0.0038,0.0267
2026-07-04T12:02:32Z,-0.0502,0.0615,9.8674,-0.0102,-0.0210,-0.0026
2026-07-04T12:02:33Z,-0.0146,0.0536,9.8240,0.0091,0.0084,-0.0146
2026-07-04T12:02:34Z,-0.0016,0.0341,9.7987,-0.0120,0.0144,-0.0070
2026-07-04T12:02:35Z,0.0530,-0.0276,9.7948,-0.0029,0.0149,-0.0005
2026-07-04T12:02:36Z,0.0039,0.0257,9.7977,-0.0059,0.0036,0.0055
2026-07-04T12:02:37Z,0.0295,0.0192,9.8024,0.0016,0.0005,0.0055
2026-07-04T12:02:38Z,-0.0150,0.0133,9.7987,-0.0064,0.0133,0.0068
2026-07-04T12:02:39Z,-0.0355,0.0375,9.8375,-0.0027,0.0168,-0.0064
2026-07-04T12:02:40Z,-0.0290,0.0191,9.7580,-0.0024,0.0113,0.0034
2026-07-04T12:02:41Z,-0.0218,0.0222,9.8359,-0.0073,-0.0094,-0.0088
2026-07-04T12:02:42Z,0.0639,0.0191,9.7986,0.0049,0.0020,-0.0062
2026-07-04T12:02:43Z,-0.0246,0.0102,9.8213,0.0024,0.0044,-0.0092
2026-07-04T12:02:44Z,0.0252,-0.0535,9.7762,-0.0009,-0.0181,-0.0119
2026-07-04T12:02:45Z,-0.0271,0.0025,9.8499,-0.0043,0.0047,0.0106
2026-07-04T12:02:46Z,0.0279,-0.0167,9.8474,0.0080,0.0227,0.0069
2026-07-04T12:02:47Z,0.0115,-0.0384,9.8388,-0.0024,0.0064,0.0098
2026-07-04T12:02:48Z,-0.0047,0.0505,9.7646,-0.0031,0.0147,0.0004
2026-07-04T12:02:49Z,-0.0012,0.0519,9.8349,0.0010,0.0018,0.0078
2026-07-04T12:02:50Z,-0.0196,0.0408,9.8221,0.0170,-0.0007,-0.0176
2026-07-04T12:02:51Z,0.0134,0.0077,9.7618,-0.0134,0.0038,0.0086
2026-07-04T12:02:52Z,-0.0136,0.0405,9.8093,0.0077,-0.0082,0.0018
2026-07-04T12:02:53Z,-0.0368,0.0004,9.8209,-0.0189,-0.0096,0.0063
2026-07-04T12:02:54Z,-0.0383,0.0061,9.8267,0.0022,0.0127,0.0038
2026-07-04T12:02:55Z,0.0052,-0.0328,9.8153,0.0158,0.0137,-0.0099
2026-07-04T12:02:56Z,0.0474,0.0119,9.8187,0.0049,-0.0099,-0.0150
2026-07-04T12:02:57Z,0.0048,0.0018,9.8542,0.0017,0.0097,-0.0071
2026-07-04T12:02:58Z,-0.0036,-0.0391,9.8468,-0.0056,-0.0009,0.0056
2026-07-04T12:02:59Z,0.0086,-0.0015,9.7240,0.0003,0.0034,0.0069
2026-07-04T12:03:00Z,0.5892,-0.0024,9.8005,-0.0025,0.0046,-0.0137
2026-07-04T12:03:01Z,1.1066,0.0539,9.8051,-0.0079,0.0099,-0.0098
2026-07-04T12:03:02Z,1.0877,0.0268,9.7574,-0.0029,0.0008,-0.0072
2026-07-04T12:03:03Z,1.1332,0.0003,9.8128,0.0020,0.0141,-0.0036
2026-07-04T12:03:04Z,1.1129,0.0075,9.8475,-0.0077,0.0031,-0.0136
2026-07-04T12:03:05Z,1.1461,0.0013,9.7774,-0.0081,0.0062,-0.0142
2026-07-04T12:03:06Z,1.1055,-0.0061,9.8201,-0.0136,-0.0083,-0.0082
2026-07-04T12:03:07Z,1.0633,-0.0325,9.7825,0.0039,0.0216,0.0009
2026-07-04T12:03:08Z,1.0590,-0.0045,9.7898,0.0055,0.0047,-0.0118
2026-07-04T12:03:09Z,1.1495,-0.0224,9.8543,0.0023,0.0071,-0.0012
2026-07-04T12:03:10Z,0.6017,-0.0375,9.7937,0.0097,-0.0161,0.0106
2026-07-04T12:03:11Z,-0.0054,0.0153,9.8239,0.0009,-0.0082,-0.0130
2026-07-04T12:03:12Z,-0.0115,0.0117,9.7539,0.0039,0.0124,-0.0021
2026-07-04T12:03:13Z,0.0438,-0.0536,9.8659,0.0030,0.0029,0.0102
2026-07-04T12:03:14Z,-0.0332,-0.0037,9.8281,-0.0009,-0.0191,-0.0042
2026-07-04T12:03:15Z,-0.0268,0.0299,9.8045,-0.0053,0.0104,-0.0057
2026-07-04T12:03:16Z,0.0193,0.0318,9.8273,0.0221,-0.0054,0.0116
2026-07-04T12:03:17Z,-0.0118,0.0308,9.7677,-0.0045,0.0141,-0.0031
2026-07-04T12:03:18Z,-0.0002,0.0012,9.8455,-0.0067,-0.0009,0.0110
2026-07-04T12:03:19Z,-0.0049,-0.0254,9.8003,0.0043,0.0020,0.0043
2026-07-04T12:03:20Z,0.0101,-0.0325,9.8039,0.0025,0.0118,-0.0034
2026-07-04T12:03:21Z,0.0422,0.0103,9.7953,-0.0140,-0.0090,0.0048
2026-07-04T12:03:22Z,0.0027,0.0114,9.7926,0.0112,-0.0099,0.0032
2026-07-04T12:03:23Z,0.0193,0.0386,9.8308,-0.0009,-0.0020,0.0102
2026-07-04T12:03:24Z,-0.0615,0.0330,9.8177,-0.0111,0.0083,-0.0055
2026-07-04T12:03:25Z,-0.0015,-0.0040,9.8296,0.0119,-0.0133,0.0004
2026-07-04T12:03:26Z,-0.0253,-0.0373,9.8097,0.0063,-0.0167,-0.0006
2026-07-04T12:03:27Z,-0.0366,-0.0096,9.8254,-0.0126,0.0082,0.0070
2026-07-04T12:03:28Z,-0.0263,0.0065,9.7974,0.0178,-0.0060,-0.0103
2026-07-04T12:03:29Z,-0.0100,-0.0061,9.8769,0.0066,-0.0039,0.0102
2026-07-04T12:03:30Z,0.0275,-0.0173,9.7630,-0.0001,-0.0186,0.0047
2026-07-04T12:03:31Z,-0.0398,0.0076,9.8478,0.0159,-0.0068,-0.0132
2026-07-04T12:03:32Z,0.0009,-0.0151,9.8510,0.0016,-0.0001,0.0121
2026-07-04T12:03:33Z,-0.0145,-0.0188,9.7844,-0.0003,0.0093,0.0223
2026-07-04T12:03:34Z,-0.0098,0.0093,9.8769,-0.0066,-0.0077,0.0100
2026-07-04T12:03:35Z,-0.5199,-0.0121,9.8399,0.0058,0.0166,0.0143
2026-07-04T12:03:36Z,-1.0839,0.0073,9.8391,0.0048,-0.0068,0.0009
2026-07-04T12:03:37Z,-1.0599,0.0082,9.8108,0.0001,-0.0068,-0.0166
2026-07-04T12:03:38Z,-1.1046,-0.0342,9.8035,-0.0079,0.0154,-0.0184
2026-07-04T12:03:39Z,-1.1209,-0.0144,9.8037,0.0013,0.0021,0.0026
2026-07-04T12:03:40Z,-1.1067,0.0431,9.8217,-0.0007,-0.0055,-0.0059
2026-07-04T12:03:41Z,-1.0927,-0.0349,9.8520,-0.0133,-0.0016,-0.0091
2026-07-04T12:03:42Z,-1.0947,-0.0635,9.8154,-0.0147,0.0135,-0.0006
2026-07-04T12:03:43Z,-1.1325,-0.0559,9.7827,0.0057,0.0147,0.0062
2026-07-04T12:03:44Z,-1.0973,0.0009,9.8347,-0.0260,-0.0082,-0.0145
2026-07-04T12:03:45Z,-0.5432,0.0009,9.8376,0.0021,-0.0004,-0.0045
2026-07-04T12:03:46Z,0.0755,-0.0035,9.8296,-0.0048,0.0009,0.0151
2026-07-04T12:03:47Z,0.0563,0.0364,9.8324,0.0131,-0.0099,-0.0108
2026-07-04T12:03:48Z,-0.0256,-0.0802,9.8019,-0.0049,-0.0006,0.0087
2026-07-04T12:03:49Z,-0.0086,0.0119,9.7821,0.0066,0.0001,-0.0048
2026-07-04T12:03:50Z,-0.0439,0.0468,9.7840,-0.0040,0.0114,0.0055
2026-07-04T12:03:51Z,-0.0177,-0.0338,9.7609,0.0011,0.0121,0.0110
2026-07-04T12:03:52Z,0.0095,-0.0114,9.8171,0.0074,-0.0033,0.0074
2026-07-04T12:03:53Z,0.0362,-0.0226,9.8075,-0.0046,-0.0021,0.0091
2026-07-04T12:03:54Z,-0.0219,-0.0268,9.7968,0.0100,0.0066,-0.0115
2026-07-04T12:03:55Z,-0.0196,-0.0098,9.7213,-0.0099,-0.0059,0.0111
2026-07-04T12:03:56Z,-0.0644,0.0428,9.7726,0.0029,0.0059,-0.0085
2026-07-04T12:03:57Z,-0.0049,0.0551,9.8436,0.0092,-0.0009,0.0026
2026-07-04T12:03:58Z,-0.0319,-0.0101,9.7901,0.0066,-0.0097,0.0026
2026-07-04T12:03:59Z,-0.0159,0.0572,9.8208,0.0192,-0.0096,0.0049
2026-07-04T12:04:00Z,-0.0263,0.0011,9.7683,-0.0076,0.0145,0.0034
2026-07-04T12:04:01Z,-0.0028,0.0526,9.8532,-0.0138,-0.0016,-0.0084
2026-07-04T12:04:02Z,-0.0527,-0.0028,9.8057,-0.0099,0.0164,-0.0135
2026-07-04T12:04:03Z,-0.0440,0.0039,9.8187,0.0066,-0.0051,0.0087
2026-07-04T12:04:04Z,0.0639,0.0110,9.8798,0.0050,0.0029,0.0019
2026-07-04T12:04:05Z,-0.0386,0.0954,9.8555,0.0010,0.0239,0.0115
2026-07-04T12:04:06Z,-0.0329,0.0255,9.8008,-0.0112,-0.0106,-0.0004
2026-07-04T12:04:07Z,0.0551,-0.0212,9.7922,0.0077,-0.0190,-0.0141
2026-07-04T12:04:08Z,0.0872,0.0291,9.8002,-0.0122,0.0129,0.0097
2026-07-04T12:04:09Z,-0.0351,-0.0109,9.8253,0.0116,-0.0083,-0.0037
2026-07-04T12:04:10Z,-0.0110,-0.0147,9.8068,0.0286,-0.0002,0.0034
2026-07-04T12:04:11Z,0.0102,0.0273,9.7981,0.0037,-0.0059,-0.0065
2026-07-04T12:04:12Z,0.0519,0.0009,9.8540,0.0058,0.0027,0.0164
2026-07-04T12:04:13Z,-0.0296,0.0084,9.8066,-0.0049,-0.0095,-0.0088
2026-07-04T12:04:14Z,-0.0074,0.0004,9.8790,-0.0181,-0.0018,-0.0034
2026-07-04T12:04:15Z,0.0233,0.0101,9.8127,-0.0060,0.0045,0.0011
2026-07-04T12:04:16Z,0.0130,0.0127,9.8636,-0.0109,-0.0101,-0.0109
2026-07-04T12:04:17Z,-0.0113,-0.0581,9.8207,-0.0145,-0.0070,0.0033
2026-07-04T12:04:18Z,-0.0040,0.0200,9.8389,0.0172,-0.0035,0.0161
2026-07-04T12:04:19Z,-0.0412,-0.0295,9.7883,0.0027,-0.0143,-0.0049
2026-07-04T12:04:20Z,-0.0071,-0.0433,9.7844,0.0038,-0.0042,0.0040
2026-07-04T12:04:21Z,-0.0080,-0.0018,9.8238,-0.0031,0.0012,-0.0275
2026-07-04T12:04:22Z,0.0070,0.0025,9.8397,-0.0017,-0.0040,-0.0004
2026-07-04T12:04:23Z,-0.0167,-0.0208,9.8112,0.0096,-0.0027,-0.0031
2026-07-04T12:04:24Z,0.0141,0.0249,9.7714,-0.0003,-0.0002,-0.0082
2026-07-04T12:04:25Z,0.0304,-0.0403,9.7692,0.0053,-0.0066,0.0108
2026-07-04T12:04:26Z,0.0047,-0.0122,9.7672,-0.0020,0.0069,-0.0033
2026-07-04T12:04:27Z,0.0106,-0.0175,9.7570,-0.0034,0.0144,-0.0018
2026-07-04T12:04:28Z,0.0016,-0.0014,9.8133,-0.0141,-0.0046,-0.0038
2026-07-04T12:04:29Z,0.0000,0.0084,9.8438,-0.0198,0.0049,-0.0192
2026-07-04T12:04:30Z,-0.0216,-0.0302,9.8096,-0.0026,-0.0024,-0.0113
2026-07-04T12:04:31Z,0.0095,0.0217,9.7422,0.0006,0.0037,0.0096
2026-07-04T12:04:32Z,-0.0029,0.0019,9.8043,-0.0129,0.0157,-0.0211
2026-07-04T12:04:33Z,0.0628,-0.0568,9.8051,-0.0003,0.0051,-0.0077
2026-07-04T12:04:34Z,0.0472,-0.0588,9.8729,0.0005,-0.0177,-0.0040
2026-07-04T12:04:35Z,0.0116,-0.0004,9.7663,-0.0216,0.0045,0.0174
2026-07-04T12:04:36Z,-0.0229,-0.0066,9.7983,-0.0092,0.0123,0.0077
2026-07-04T12:04:37Z,-0.0334,-0.0031,9.8612,0.0041,-0.0022,-0.0056
2026-07-04T12:04:38Z,0.0357,-0.0008,9.8235,0.0039,0.0100,0.0130
2026-07-04T12:04:39Z,0.0079,0.0068,9.8269,-0.0115,-0.0069,-0.0074
2026-07-04T12:04:40Z,0.0144,0.0284,9.8134,0.0016,-0.0149,0.0101
2026-07-04T12:04:41Z,-0.0523,-0.0333,9.8199,0.0102,0.0014,-0.0136
2026-07-04T12:04:42Z,0.0278,-0.0352,9.8333,0.0078,-0.0176,0.0107
2026-07-04T12:04:43Z,0.0136,-0.0328,9.7857,-0.0010,-0.0024,-0.0041
2026-07-04T12:04:44Z,-0.0333,0.0087,9.8363,-0.0047,0.0129,-0.0103
2026-07-04T12:04:45Z,-0.0141,0.0373,9.7688,-0.0063,-0.0191,-0.0022
2026-07-04T12:04:46Z,0.0079,-0.0129,9.8199,0.0047,-0.0128,0.0028
2026-07-04T12:04:47Z,0.0016,-0.0751,9.8154,0.0020,-0.0103,-0.0049
2026-07-04T12:04:48Z,-0.0088,-0.0511,9.7915,0.0063,-0.0006,0.0055
2026-07-04T12:04:49Z,-0.0031,-0.0250,9.8093,0.0013,-0.0037,-0.0058
2026-07-04T12:04:50Z,-0.0076,-0.0167,9.7913,0.0082,0.0140,0.0062
2026-07-04T12:04:51Z,0.0046,-0.0123,9.7778,0.0009,0.0095,0.0044
2026-07-04T12:04:52Z,0.0441,0.0012,9.7994,0.0078,0.0050,-0.0006
2026-07-04T12:04:53Z,-0.0770,-0.0094,9.7769,0.0087,0.0015,-0.0044
2026-07-04T12:04:54Z,-0.0071,0.0315,9.8197,-0.0080,0.0039,0.0015
2026-07-04T12:04:55Z,0.0053,-0.0203,9.7755,-0.0181,-0.0086,0.0055
2026-07-04T12:04:56Z,0.0089,-0.0259,9.8314,0.0154,0.0086,0.0206
2026-07-04T12:04:57Z,-0.0112,0.0144,9.7746,0.0026,-0.0111,0.0094
2026-07-04T12:04:58Z,-0.0527,-0.0461,9.7930,-0.0171,0.0084,0.0098
2026-07-04T12:04:59Z,0.0098,0.0117,9.7913,-0.0071,0.0119,0.0309
2026-07-04T12:05:00Z,0.0518,0.0031,9.8498,0.0077,0.0021,0.0052
2026-07-04T12:05:01Z,-0.0460,-0.0044,9.8199,-0.0028,-0.0018,0.0048
2026-07-04T12:05:02Z,0.0259,0.0476,9.8036,-0.0051,0.0040,0.0070
2026-07-04T12:05:03Z,-0.0099,-0.0187,9.8250,0.0140,-0.0286,-0.0101
2026-07-04T12:05:04Z,-0.0018,0.0618,9.7468,-0.0105,0.0030,-0.0044
2026-07-04T12:05:05Z,-0.0316,-0.0068,9.8087,-0.0080,-0.0011,-0.0051
2026-07-04T12:05:06Z,-0.0100,-0.0383,9.8699,0.0021,-0.0005,0.0065
2026-07-04T12:05:07Z,0.0390,0.0021,9.8140,0.0039,0.0071,-0.0017
2026-07-04T12:05:08Z,0.0175,-0.0323,9.8120,0.0050,-0.0007,0.0014
2026-07-04T12:05:09Z,0.0520,-0.0226,9.8264,0.0091,-0.0114,0.0109
2026-07-04T12:05:10Z,0.0353,0.0119,9.8369,0.0020,-0.0014,0.0086
2026-07-04T12:05:11Z,0.0132,0.0167,9.7501,0.0049,0.0007,-0.0016
2026-07-04T12:05:12Z,0.0523,-0.0187,9.7595,-0.0026,0.0011,-0.0067
2026-07-04T12:05:13Z,0.0132,0.0296,9.8163,0.0006,0.0016,0.0114
2026-07-04T12:05:14Z,0.0248,0.0347,9.7886,0.0011,0.0104,0.0077
2026-07-04T12:05:15Z,-0.0089,0.0431,9.8494,0.0022,-0.0109,-0.0161
2026-07-04T12:05:16Z,0.0020,0.0159,9.8005,0.0077,0.0018,-0.0031
2026-07-04T12:05:17Z,-0.0209,0.0409,9.7520,0.0056,0.0129,0.0017
2026-07-04T12:05:18Z,0.0297,-0.0564,9.7720,0.0004,-0.0173,0.0078
2026-07-04T12:05:19Z,-0.0353,-0.0095,9.7275,-0.0081,0.0018,0.0091
2026-07-04T12:05:20Z,0.0235,-0.0260,9.8030,0.0007,-0.0059,0.0028
2026-07-04T12:05:21Z,-0.0057,0.0036,9.8043,-0.0003,-0.0037,0.0059
2026-07-04T12:05:22Z,0.0351,-0.0171,9.7973,0.0019,-0.0090,0.0006
2026-07-04T12:05:23Z,0.0225,-0.0050,9.8424,0.0221,-0.0017,-0.0067
2026-07-04T12:05:24Z,0.0546,0.0565,9.8460,-0.0052,0.0184,-0.0026
2026-07-04T12:05:25Z,0.0219,-0.0051,9.8049,0.0042,-0.0126,0.0002
2026-07-04T12:05:26Z,-0.0472,0.0124,9.7460,0.0107,-0.0117,-0.0003
2026-07-04T12:05:27Z,-0.0020,-0.0070,9.8285,0.0010,-0.0130,-0.0189
2026-07-04T12:05:28Z,-0.0352,0.0023,9.8267,0.0234,0.0173,-0.0040
2026-07-04T12:05:29Z,-0.0155,0.0002,9.8193,-0.0038,-0.0046,0.0006
2026-07-04T12:05:30Z,-2.2880,0.0134,9.8394,0.0032,-0.0003,-0.0028
2026-07-04T12:05:31Z,-4.6475,0.0350,9.7751,-0.0080,-0.0040,-0.0025
2026-07-04T12:05:32Z,-4.6876,0.0494,9.8703,-0.0035,-0.0094,0.0049
2026-07-04T12:05:33Z,-2.3637,0.0093,9.7812,0.0025,-0.0024,-0.0108
2026-07-04T12:05:34Z,0.0010,0.0177,9.8325,0.0085,0.0246,-0.0163
2026-07-04T12:05:35Z,-0.0365,-0.0345,9.7594,0.0032,0.0139,-0.0035
2026-07-04T12:05:36Z,-0.0201,-0.0026,9.7821,0.0126,-0.0085,0.0076
2026-07-04T12:05:37Z,0.0094,0.0282,9.8555,-0.0009,0.0065,0.0169
2026-07-04T12:05:38Z,0.0347,0.0260,9.8022,-0.0033,-0.0083,0.0078
2026-07-04T12:05:39Z,0.0183,0.0063,9.8352,0.0270,-0.0178,-0.0147
2026-07-04T12:05:40Z,-0.0687,0.0266,9.8171,0.0039,0.0102,-0.0023
2026-07-04T12:05:41Z,0.0091,0.0147,9.8069,-0.0072,0.0116,0.0026
2026-07-04T12:05:42Z,0.0022,0.0360,9.8509,-0.0069,0.0105,0.0018
2026-07-04T12:05:43Z,0.0124,0.0087,9.8029,-0.0094,-0.0047,0.0054
2026-07-04T12:05:44Z,0.0485,-0.0107,9.7566,0.0094,-0.0017,-0.0092
2026-07-04T12:05:45Z,-0.0619,0.0101,9.7859,-0.0036,0.0075,0.0006
2026-07-04T12:05:46Z,-0.0177,-0.0879,9.8265,0.0013,0.0039,0.0042
2026-07-04T12:05:47Z,0.0177,0.0115,9.8219,-0.0006,-0.0039,0.0083
2026-07-04T12:05:48Z,-0.0474,-0.1095,9.7630,0.0073,-0.0162,-0.0081
2026-07-04T12:05:49Z,0.0443,-0.0517,9.7883,-0.0085,0.0011,-0.0035
2026-07-04T12:05:50Z,0.0111,0.0136,9.7925,-0.0108,0.0108,-0.0270
2026-07-04T12:05:51Z,0.0254,0.0143,9.7990,0.0022,-0.0120,-0.0062
2026-07-04T12:05:52Z,-0.0171,-0.0349,9.7687,0.0060,0.0064,-0.0052
2026-07-04T12:05:53Z,0.0244,-0.0214,9.7911,0.0033,0.0033,-0.0102
2026-07-04T12:05:54Z,0.0321,0.0411,9.7881,-0.0081,0.0075,0.0017
2026-07-04T12:05:55Z,0.0070,-0.0145,9.8331,0.0068,0.0087,-0.0006
2026-07-04T12:05:56Z,0.0070,0.0673,9.8343,-0.0074,-0.0069,-0.0226
2026-07-04T12:05:57Z,0.0081,-0.0001,9.8056,-0.0052,-0.0162,0.0022
2026-07-04T12:05:58Z,-0.0259,0.0122,9.7982,-0.0094,-0.0053,-0.0093
2026-07-04T12:05:59Z,-0.0044,0.0485,9.8142,0.0130,0.0089,0.0049
2026-07-04T12:06:00Z,-0.0046,0.0039,9.7855,0.0063,-0.0054,-0.0128
2026-07-04T12:06:01Z,0.0115,-0.0301,9.7756,0.0060,-0.0069,0.0003
2026-07-04T12:06:02Z,0.0300,-0.0033,9.7818,0.0125,-0.0182,-0.0028
2026-07-04T12:06:03Z,-0.0318,-0.0011,9.7910,0.0281,0.0175,0.0030
2026-07-04T12:06:04Z,-0.0038,-0.0409,9.7751,-0.0171,0.0083,0.0012
2026-07-04T12:06:05Z,0.0444,-0.0077,9.8149,-0.0074,0.0077,-0.0026
2026-07-04T12:06:06Z,-0.0223,-0.0223,9.8319,-0.0062,0.0097,-0.0154
2026-07-04T12:06:07Z,-0.0247,0.0277,9.7624,-0.0085,0.0058,-0.0148
2026-07-04T12:06:08Z,0.0061,0.0010,9.8108,-0.0108,-0.0024,-0.0058
2026-07-04T12:06:09Z,0.0253,-0.0085,9.8034,-0.0030,-0.0016,-0.0001
2026-07-04T12:06:10Z,0.0003,-0.0032,9.8202,-0.0122,-0.0043,-0.0061
2026-07-04T12:06:11Z,0.0399,0.0067,9.8096,0.0034,0.0263,0.0063
2026-07-04T12:06:12Z,0.0257,0.0185,9.7664,0.0005,0.0056,-0.0028
2026-07-04T12:06:13Z,0.0253,-0.0300,9.7721,0.0048,-0.0046,-0.0097
2026-07-04T12:06:14Z,0.0166,-0.0312,9.8109,0.0051,0.0047,-0.0028
2026-07-04T12:06:15Z,0.0698,0.0331,9.8409,0.0060,-0.0101,0.0023
2026-07-04T12:06:16Z,-0.0062,-0.0124,9.7436,-0.0037,0.0150,0.0032
2026-07-04T12:06:17Z,-0.0601,-0.0425,9.8204,0.0212,-0.0066,0.0188
2026-07-04T12:06:18Z,0.0481,0.0133,9.8457,0.0023,0.0050,-0.0067
2026-07-04T12:06:19Z,-0.0137,0.0139,9.8054,-0.0186,0.0107,-0.0007
2026-07-04T12:06:20Z,0.0032,-0.0459,9.8265,-0.0100,0.0038,0.0043
2026-07-04T12:06:21Z,0.0393,0.0069,9.7889,-0.0174,0.0009,-0.0002
2026-07-04T12:06:22Z,-0.0481,0.0221,9.8064,0.0002,0.0001,-0.0050
2026-07-04T12:06:23Z,-0.0375,0.0112,9.7614,-0.0012,-0.0006,-0.0155
2026-07-04T12:06:24Z,-0.0480,0.0190,9.7397,-0.0047,-0.0058,-0.0051
2026-07-04T12:06:25Z,-0.0238,-0.0421,9.8383,0.0201,-0.0045,-0.0107
2026-07-04T12:06:26Z,0.0132,0.0099,9.7805,0.0055,0.0148,-0.0173
2026-07-04T12:06:27Z,0.0157,-0.0091,9.7963,0.0073,-0.0011,-0.0080
2026-07-04T12:06:28Z,0.0083,-0.0145,9.7684,-0.0093,-0.0079,-0.0105
2026-07-04T12:06:29Z,-0.0424,0.0261,9.7677,-0.0100,-0.0052,0.0058
2026-07-04T12:06:30Z,1.9307,0.0444,9.8048,0.0004,0.0110,0.0060
2026-07-04T12:06:31Z,4.0016,0.0538,9.7881,0.0017,0.0068,-0.0090
2026-07-04T12:06:32Z,3.9858,0.0394,9.8213,-0.0186,0.0056,-0.0026
2026-07-04T12:06:33Z,2.1064,-0.0033,9.8236,-0.0018,-0.0026,-0.0186
2026-07-04T12:06:34Z,0.2062,0.0106,9.8196,0.0001,0.0057,-0.0049
2026-07-04T12:06:35Z,0.1893,0.0230,9.8172,-0.0022,-0.0064,0.0040
2026-07-04T12:06:36Z,0.2080,0.0036,9.8573,-0.0081,-0.0026,0.0082
2026-07-04T12:06:37Z,0.1921,0.0039,9.7780,-0.0054,0.0097,-0.0071
2026-07-04T12:06:38Z,0.2011,0.0247,9.8084,-0.0018,0.0087,0.0105
2026-07-04T12:06:39Z,0.1640,-0.0018,9.8440,0.0009,-0.0098,-0.0152
2026-07-04T12:06:40Z,0.1798,-0.0219,9.8479,0.0060,-0.0086,-0.0125
2026-07-04T12:06:41Z,0.1911,-0.0124,9.7673,0.0108,0.0011,0.0071
2026-07-04T12:06:42Z,0.2098,0.0190,9.8006,-0.0029,0.0173,0.0167
2026-07-04T12:06:43Z,0.1734,0.0001,9.8507,-0.0046,-0.0192,0.0049
2026-07-04T12:06:44Z,0.2008,0.0102,9.8252,0.0044,0.0028,-0.0004
2026-07-04T12:06:45Z,0.1772,0.0201,9.8159,0.0061,-0.0138,-0.0220
2026-07-04T12:06:46Z,0.1817,-0.0112,9.8035,-0.0043,-0.0063,-0.0202
2026-07-04T12:06:47Z,0.2101,0.0227,9.7985,0.0079,-0.0036,0.0013
2026-07-04T12:06:48Z,0.1254,0.0114,9.8186,0.0098,-0.0042,-0.0036
2026-07-04T12:06:49Z,0.1463,-0.0370,9.8024,0.0129,-0.0053,-0.0111
2026-07-04T12:06:50Z,0.1407,0.0433,9.8087,0.0178,0.0001,0.0007
2026-07-04T12:06:51Z,0.1152,-0.0150,9.8124,-0.0087,-0.0054,0.0012
2026-07-04T12:06:52Z,0.1648,-0.0497,9.7897,0.0001,-0.0146,0.0094
2026-07-04T12:06:53Z,0.2077,-0.0314,9.8260,0.0001,0.0078,0.0014
2026-07-04T12:06:54Z,0.1766,-0.0306,9.8974,-0.0010,0.0075,0.0123
2026-07-04T12:06:55Z,0.1911,0.0016,9.7567,-0.0065,0.0084,0.0001
2026-07-04T12:06:56Z,0.2179,-0.0082,9.8197,-0.0149,-0.0154,-0.0012
2026-07-04T12:06:57Z,0.2250,-0.0101,9.7872,0.0009,0.0030,0.0106
2026-07-04T12:06:58Z,0.1831,0.0186,9.8273,-0.0077,0.0068,-0.0098
2026-07-04T12:06:59Z,0.2258,0.0102,9.8114,0.0009,-0.0103,0.0281
2026-07-04T12:07:00Z,0.3454,0.0095,9.8329,-0.0079,0.0001,0.0038
2026-07-04T12:07:01Z,0.4749,0.0123,9.8453,-0.0110,-0.0012,0.0038
2026-07-04T12:07:02Z,0.4822,0.0185,9.8158,0.0023,0.0184,0.0053
2026-07-04T12:07:03Z,0.4556,-0.0632,9.8440,0.0015,0.0192,0.0188
2026-07-04T12:07:04Z,0.4734,-0.0109,9.7397,0.0058,-0.0166,0.0079
2026-07-04T12:07:05Z,0.4893,-0.0654,9.8577,0.0219,0.0249,-0.0161
2026-07-04T12:07:06Z,0.5241,0.0011,9.8213,0.0028,-0.0092,0.0140
2026-07-04T12:07:07Z,0.5516,-0.0001,9.8423,0.0049,0.0098,-0.0034
2026-07-04T12:07:08Z,0.4585,0.0314,9.7734,-0.0108,0.0097,0.0011
2026-07-04T12:07:09Z,0.5118,0.0356,9.7851,-0.0129,-0.0100,-0.0128
2026-07-04T12:07:10Z,0.2188,0.0061,9.8144,0.0158,0.0049,0.0053
2026-07-04T12:07:11Z,0.0142,-0.0150,9.8095,-0.0092,-0.0011,-0.0065
2026-07-04T12:07:12Z,-0.0039,0.0146,9.8185,-0.0104,0.0055,0.0010
2026-07-04T12:07:13Z,-0.0549,-0.0158,9.8425,-0.0004,0.0023,-0.0028
2026-07-04T12:07:14Z,0.0278,-0.0000,9.7570,-0.0009,0.0120,0.0193
2026-07-04T12:07:15Z,-0.0182,0.0296,9.8392,-0.0090,0.0008,0.0198
2026-07-04T12:07:16Z,-0.0160,-0.0167,9.8102,-0.0030,-0.0017,0.0005
2026-07-04T12:07:17Z,-0.0321,0.0242,9.8039,0.0123,0.0110,0.0006
2026-07-04T12:07:18Z,-0.0196,0.0203,9.7659,-0.0081,0.0058,-0.0037
2026-07-04T12:07:19Z,0.0128,-0.0286,9.8251,-0.0139,0.0073,0.0111
2026-07-04T12:07:20Z,-0.0057,0.0292,9.7376,0.0094,-0.0066,-0.0033
2026-07-04T12:07:21Z,0.0099,0.0210,9.8295,0.0049,-0.0105,-0.0042
2026-07-04T12:07:22Z,0.0109,0.0031,9.7652,-0.0062,-0.0057,0.0098
2026-07-04T12:07:23Z,0.0396,-0.0229,9.8116,-0.0158,-0.0062,-0.0054
2026-07-04T12:07:24Z,-0.0103,-0.0258,9.8064,-0.0074,0.0079,-0.0004
2026-07-04T12:07:25Z,-0.0443,-0.0161,9.8451,-0.0005,0.0098,-0.0158
2026-07-04T12:07:26Z,0.0320,0.0163,9.8046,0.0117,-0.0016,0.0070
2026-07-04T12:07:27Z,-0.0099,-0.0287,9.7892,-0.0104,0.0143,0.0194
2026-07-04T12:07:28Z,0.0334,0.0131,9.7948,-0.0008,0.0137,0.0072
2026-07-04T12:07:29Z,0.0115,-0.0373,9.8482,0.0068,0.0024,0.0146
2026-07-04T12:07:30Z,-0.0039,-0.0061,9.8261,-0.0238,-0.0082,-0.0085
2026-07-04T12:07:31Z,0.0105,0.0033,9.7984,0.0103,0.0158,0.0024
2026-07-04T12:07:32Z,0.0585,0.0734,9.8029,-0.0118,-0.0006,-0.0094
2026-07-04T12:07:33Z,0.0623,-0.0413,9.7630,0.0033,0.0013,-0.0023
2026-07-04T12:07:34Z,0.0021,0.0442,9.8217,0.0025,-0.0034,0.0077
2026-07-04T12:07:35Z,0.0048,0.0045,9.7572,0.0108,-0.0089,0.0010
2026-07-04T12:07:36Z,0.0323,0.0123,9.8326,0.0055,-0.0147,-0.0141
2026-07-04T12:07:37Z,-0.0254,0.0036,9.8139,-0.0238,0.0063,-0.0132
2026-07-04T12:07:38Z,0.0100,0.0133,9.8816,-0.0078,-0.0078,-0.0138
2026-07-04T12:07:39Z,-0.0008,-0.0046,9.7770,0.0014,0.0306,0.0049
2026-07-04T12:07:40Z,0.0094,0.0436,9.8069,-0.0019,-0.0109,0.0206
2026-07-04T12:07:41Z,-0.0250,-0.0137,9.8639,0.0048,-0.0126,0.0136
2026-07-04T12:07:42Z,-0.0477,0.0340,9.8457,0.0079,0.0051,-0.0190
2026-07-04T12:07:43Z,-0.0622,-0.0193,9.7891,0.0061,0.0153,0.0142
2026-07-04T12:07:44Z,-0.0335,-0.0018,9.8167,-0.0021,0.0006,0.0094
2026-07-04T12:07:45Z,-0.2638,-0.0322,9.8101,-0.0185,0.0057,-0.0155
2026-07-04T12:07:46Z,-0.5088,0.0137,9.8185,-0.0046,-0.0184,-0.0030
2026-07-04T12:07:47Z,-0.4419,0.0434,9.7890,0.0042,-0.0068,0.0110
2026-07-04T12:07:48Z,-0.4668,-0.0023,9.8073,-0.0109,-0.0107,0.0055
2026-07-04T12:07:49Z,-0.5289,-0.0059,9.7621,0.0063,-0.0190,-0.0131
2026-07-04T12:07:50Z,-0.4896,-0.0334,9.8141,0.0091,0.0012,0.0061
2026-07-04T12:07:51Z,-0.5122,-0.0069,9.8235,0.0013,-0.0224,-0.0214
2026-07-04T12:07:52Z,-0.5085,-0.0478,9.8032,-0.0306,-0.0132,-0.0022
2026-07-04T12:07:53Z,-0.4944,-0.0274,9.7615,-0.0128,-0.0054,0.0114
2026-07-04T12:07:54Z,-0.4814,0.0068,9.8397,0.0189,-0.0083,0.0002
2026-07-04T12:07:55Z,-0.2602,0.0396,9.8209,-0.0055,0.0040,-0.0050
2026-07-04T12:07:56Z,0.0319,0.0843,9.7882,-0.0198,0.0031,0.0089
2026-07-04T12:07:57Z,-0.0343,-0.0176,9.8016,0.0124,0.0089,0.0097
2026-07-04T12:07:58Z,0.0002,0.0431,9.7650,0.0001,0.0075,0.0131
2026-07-04T12:07:59Z,0.0779,0.0073,9.7792,0.0110,0.0114,0.0087
2026-07-04T12:08:00Z,0.0067,-0.0045,9.7939,0.0028,-0.0000,0.0108
2026-07-04T12:08:01Z,0.0430,0.0130,9.8469,0.0046,0.0030,0.0073
2026-07-04T12:08:02Z,0.0027,0.0019,9.7908,0.0036,0.0051,0.0027
2026-07-04T12:08:03Z,0.0174,0.0033,9.8292,0.0070,0.0014,0.0009
2026-07-04T12:08:04Z,-0.0017,-0.0122,9.7939,0.0228,-0.0040,-0.0024
2026-07-04T12:08:05Z,-0.0051,-0.0419,9.8174,0.0097,-0.0033,-0.0121
2026-07-04T12:08:06Z,-0.0234,-0.0463,9.8058,-0.0158,-0.0082,-0.0096
2026-07-04T12:08:07Z,0.0129,0.0196,9.8362,0.0045,0.0042,-0.0028
2026-07-04T12:08:08Z,-0.0255,-0.0083,9.7940,0.0114,-0.0009,0.0024
2026-07-04T12:08:09Z,0.0200,-0.0179,9.7628,0.0120,-0.0066,0.0144
2026-07-04T12:08:10Z,0.0326,0.0003,9.7685,-0.0043,-0.0066,-0.0004
2026-07-04T12:08:11Z,0.0110,0.0238,9.7940,0.0116,-0.0121,0.0100
2026-07-04T12:08:12Z,-0.0086,0.0054,9.7725,0.0093,0.0098,0.0108
2026-07-04T12:08:13Z,0.0136,-0.0197,9.8223,0.0257,0.0008,-0.0023
2026-07-04T12:08:14Z,-0.0093,0.0368,9.7960,-0.0075,-0.0086,0.0059
2026-07-04T12:08:15Z,0.0281,0.0474,9.8812,-0.0051,0.0081,-0.0024
2026-07-04T12:08:16Z,-0.0549,0.0148,9.7579,-0.0031,-0.0056,0.0132
2026-07-04T12:08:17Z,-0.0101,0.0292,9.8161,-0.0049,-0.0141,0.0064
2026-07-04T12:08:18Z,-0.0597,0.0373,9.7762,-0.0089,0.0102,-0.0119
2026-07-04T12:08:19Z,-0.0449,0.0339,9.7952,-0.0276,-0.0054,0.0016
2026-07-04T12:08:20Z,0.0409,0.0184,9.8142,-0.0043,-0.0041,0.0165
2026-07-04T12:08:21Z,0.0269,0.0180,9.7402,0.0037,0.0004,-0.0018
2026-07-04T12:08:22Z,-0.0216,0.0156,9.8171,-0.0049,0.0114,0.0045
2026-07-04T12:08:23Z,-0.0451,-0.0329,9.8671,0.0194,0.0002,0.0055
2026-07-04T12:08:24Z,-0.0889,0.0210,9.7964,0.0001,-0.0120,-0.0104
2026-07-04T12:08:25Z,-0.0163,-0.0407,9.8178,0.0129,0.0054,0.0051
2026-07-04T12:08:26Z,0.0726,-0.0238,9.8407,0.0026,-0.0048,-0.0139
2026-07-04T12:08:27Z,0.0130,0.0391,9.8051,0.0083,0.0189,-0.0063
2026-07-04T12:08:28Z,-0.0168,0.0252,9.7926,0.0028,-0.0000,0.0108
2026-07-04T12:08:29Z,0.0140,0.0446,9.7417,0.0137,-0.0224,0.0036
2026-07-04T12:08:30Z,-0.0468,-0.0082,9.8292,0.0006,0.0036,-0.0030
2026-07-04T12:08:31Z,-0.0089,-0.0346,9.8066,0.0050,0.0194,0.0045
2026-07-04T12:08:32Z,0.0030,-0.0072,9.7796,0.0037,0.0158,-0.0006
2026-07-04T12:08:33Z,-0.0026,0.0031,9.8138,-0.0029,0.0183,0.0001
2026-07-04T12:08:34Z,0.0237,0.0024,9.7925,0.0040,-0.0102,0.0066
2026-07-04T12:08:35Z,0.0103,0.0340,9.7941,0.0223,0.0091,-0.0073
2026-07-04T12:08:36Z,0.0200,-0.0108,9.8282,-0.0027,-0.0072,0.0004
2026-07-04T12:08:37Z,-0.0207,0.0106,9.7698,0.0042,0.0022,-0.0031
2026-07-04T12:08:38Z,0.0269,-0.0297,9.8414,0.0126,-0.0127,-0.0159
2026-07-04T12:08:39Z,0.0489,0.0135,9.7681,0.0114,-0.0064,-0.0092
2026-07-04T12:08:40Z,-0.0291,0.0001,9.7901,0.0001,-0.0068,0.0157
2026-07-04T12:08:41Z,-0.0266,-0.0225,9.8677,-0.0238,0.0090,0.0038
2026-07-04T12:08:42Z,0.0401,-0.0071,9.8438,0.0052,0.0080,-0.0132
2026-07-04T12:08:43Z,-0.0057,-0.0055,9.8129,-0.0222,0.0028,-0.0154
2026-07-04T12:08:44Z,0.0421,-0.0081,9.7818,0.0147,-0.0135,-0.0011
2026-07-04T12:08:45Z,-0.0133,0.0531,9.7941,0.0017,-0.0031,0.0156
2026-07-04T12:08:46Z,0.0437,-0.0030,9.8122,0.0100,-0.0075,-0.0019
2026-07-04T12:08:47Z,0.0039,-0.0073,9.8111,-0.0090,0.0087,0.0131
2026-07-04T12:08:48Z,0.0077,-0.0629,9.8073,-0.0155,0.0118,0.0035
2026-07-04T12:08:49Z,0.0469,-0.0268,9.8091,0.0026,0.0106,0.0047
2026-07-04T12:08:50Z,-0.0109,-0.0079,9.8036,-0.0003,-0.0076,-0.0134
2026-07-04T12:08:51Z,-0.0282,-0.0206,9.7667,-0.0049,-0.0274,0.0094
2026-07-04T12:08:52Z,-0.0135,0.0415,9.7945,0.0008,-0.0177,-0.0033
2026-07-04T12:08:53Z,0.0136,-0.0049,9.8374,0.0277,0.0142,0.0086
2026-07-04T12:08:54Z,-0.0470,0.0387,9.7689,0.0083,-0.0040,-0.0081
2026-07-04T12:08:55Z,0.0191,0.0019,9.8043,0.0105,-0.0075,0.0018
2026-07-04T12:08:56Z,-0.0162,0.0011,9.7854,0.0084,0.0164,0.0035
2026-07-04T12:08:57Z,0.0344,-0.0027,9.8133,0.0148,0.0127,-0.0015
2026-07-04T12:08:58Z,-0.0718,0.0001,9.7983,-0.0019,0.0002,0.0040
2026-07-04T12:08:59Z,-0.0236,0.0516,9.8543,-0.0205,-0.0029,-0.0027
2026-07-04T12:09:00Z,-0.0506,-0.0696,9.8252,-0.0019,-0.0013,-0.0065
2026-07-04T12:09:01Z,-0.0248,-0.0600,9.7706,0.0081,0.0023,0.0161
2026-07-04T12:09:02Z,0.0074,-0.0163,9.8301,-0.0097,0.0160,0.0105
2026-07-04T12:09:03Z,-0.0054,0.0004,9.7868,-0.0018,0.0042,-0.0076
2026-07-04T12:09:04Z,-0.0076,0.0207,9.7927,-0.0069,0.0073,0.0057
2026-07-04T12:09:05Z,-0.0048,0.0142,9.8194,0.0150,0.0117,-0.0074
2026-07-04T12:09:06Z,0.0061,-0.0115,9.7952,0.0075,-0.0117,-0.0118
2026-07-04T12:09:07Z,-0.0303,0.0306,9.8368,0.0065,0.0075,0.0103
2026-07-04T12:09:08Z,0.0212,0.0309,9.7868,0.0062,-0.0029,-0.0170
2026-07-04T12:09:09Z,0.0199,0.0055,9.7914,-0.0004,-0.0252,0.0093
2026-07-04T12:09:10Z,0.0116,0.0289,9.7903,0.0020,-0.0213,-0.0025
2026-07-04T12:09:11Z,0.0167,0.0082,9.7930,-0.0119,-0.0102,-0.0021
2026-07-04T12:09:12Z,0.0089,-0.0168,9.8430,-0.0219,0.0053,0.0041
2026-07-04T12:09:13Z,0.0611,0.0209,9.8289,0.0015,0.0011,0.0058
2026-07-04T12:09:14Z,-0.0026,0.0033,9.8613,0.0032,0.0018,-0.0083
2026-07-04T12:09:15Z,-0.0092,0.0000,9.8780,0.0121,0.0195,0.0072
2026-07-04T12:09:16Z,-0.0226,0.0442,9.7791,0.0157,-0.0127,0.0011
2026-07-04T12:09:17Z,-0.0310,-0.0735,9.8121,0.0157,-0.0003,-0.0126
2026-07-04T12:09:18Z,-0.0373,-0.0425,9.7747,-0.0100,0.0030,-0.0017
2026-07-04T12:09:19Z,-0.0267,-0.0356,9.7867,-0.0035,-0.0074,0.0138
2026-07-04T12:09:20Z,-0.0896,-0.0109,9.7911,0.0048,0.0003,0.0168
2026-07-04T12:09:21Z,-0.1650,-0.0076,9.7783,0.0253,-0.0160,0.0072
2026-07-04T12:09:22Z,-0.1735,-0.0452,9.7784,0.0148,0.0141,-0.0119
2026-07-04T12:09:23Z,-0.1980,-0.0296,9.8057,0.0112,-0.0068,0.0049
2026-07-04T12:09:24Z,-0.1480,-0.0258,9.7735,-0.0039,0.0203,0.0085
2026-07-04T12:09:25Z,-0.1528,0.0737,9.8353,-0.0088,-0.0003,0.0073
2026-07-04T12:09:26Z,-0.1798,0.0541,9.7825,0.0079,0.0103,0.0078
2026-07-04T12:09:27Z,-0.1946,-0.0124,9.8943,-0.0110,-0.0005,0.0036
2026-07-04T12:09:28Z,-0.1585,-0.0109,9.7965,-0.0024,-0.0003,-0.0007
2026-07-04T12:09:29Z,-0.1694,-0.0345,9.8122,-0.0011,-0.0058,-0.0061
2026-07-04T12:09:30Z,-0.2184,-0.0572,9.7711,0.0159,0.0012,-0.0190
2026-07-04T12:09:31Z,-0.1770,-0.0035,9.8612,-0.0035,0.0032,0.0034
2026-07-04T12:09:32Z,-0.1671,-0.0299,9.8436,-0.0244,-0.0078,0.0019
2026-07-04T12:09:33Z,-0.2020,-0.0025,9.8189,0.0050,-0.0013,0.0056
2026-07-04T12:09:34Z,-0.1693,-0.0480,9.7696,-0.0070,-0.0061,-0.0134
2026-07-04T12:09:35Z,-0.2186,-0.0229,9.8163,0.0004,0.0230,0.0065
2026-07-04T12:09:36Z,-0.1349,0.0045,9.7764,-0.0009,-0.0009,0.0205
2026-07-04T12:09:37Z,-0.1376,0.0110,9.8539,-0.0027,0.0155,0.0008
2026-07-04T12:09:38Z,-0.1826,0.0125,9.8343,0.0079,-0.0020,-0.0006
2026-07-04T12:09:39Z,-0.1641,-0.0396,9.8129,-0.0153,0.0026,0.0031
2026-07-04T12:09:40Z,-0.2473,0.0256,9.7369,-0.0052,-0.0132,0.0203
2026-07-04T12:09:41Z,-0.2097,-0.0240,9.7805,0.0068,-0.0045,-0.0102
2026-07-04T12:09:42Z,-0.1838,0.0190,9.8306,-0.0061,0.0021,0.0020
2026-07-04T12:09:43Z,-0.2072,-0.0003,9.8464,-0.0161,0.0159,-0.0080
2026-07-04T12:09:44Z,-0.1536,-0.0413,9.8433,0.0067,0.0022,-0.0055
2026-07-04T12:09:45Z,-0.1151,-0.0095,9.7622,0.0112,0.0138,-0.0005
2026-07-04T12:09:46Z,-0.2103,0.0110,9.8190,-0.0004,0.0064,0.0135
2026-07-04T12:09:47Z,-0.2001,0.0184,9.8405,-0.0196,0.0163,0.0180
2026-07-04T12:09:48Z,-0.1679,-0.0042,9.7602,0.0071,-0.0006,0.0045
2026-07-04T12:09:49Z,-0.1267,0.0460,9.8098,-0.0166,0.0239,-0.0038
2026-07-04T12:09:50Z,-0.2117,0.0302,9.8182,0.0031,-0.0049,0.0249
2026-07-04T12:09:51Z,-0.1675,-0.0077,9.8010,-0.0089,-0.0077,-0.0043
2026-07-04T12:09:52Z,-0.1204,0.0225,9.7544,-0.0116,-0.0121,-0.0057
2026-07-04T12:09:53Z,-0.2246,0.0580,9.8002,-0.0044,0.0233,-0.0177
2026-07-04T12:09:54Z,-0.2134,0.0588,9.8002,-0.0018,0.0082,0.0140
2026-07-04T12:09:55Z,-0.1877,-0.0368,9.8056,-0.0064,-0.0033,0.0097
2026-07-04T12:09:56Z,-0.1906,-0.0278,9.7931,0.0059,0.0125,0.0242
2026-07-04T12:09:57Z,-0.1506,0.0445,9.7967,-0.0045,0.0069,-0.0139
2026-07-04T12:09:58Z,-0.1678,-0.0317,9.8088,0.0098,0.0197,0.0146
2026-07-04T12:09:59Z,-0.2282,-0.0397,9.8233,0.0028,-0.0155,0.0007
2026-07-04T12:10:00Z,-0.1595,-0.0146,9.8009,-0.0070,-0.0027,0.0081
